Workbook

Sheet kabeli i uvodnice
A1: KABEL | I1: UVODNICA | L1: NAPOMENA
A2: DT | B2: Lokacija 1 | C2: Lokacija 2 | D2: Duljina između lokacija | E2: Tip | F2: Žile x Presjek | G2: Vanjski promjer | I2: Nar. Br. | J2: Navoj
A3: BBJQ01/W3 | B3: =+ | C3: =Y BJP12+Y BJP12-XT1 | E3: N2XCH | F3: 4 x 120/70 mm² | G3: 47 | I3: =IF(ISBLANK('kabeli i uvodnice'!G3),"", IF('kabeli i uvodnice'!G3<'rittal uvodnice'!$C$2,"PREMALEN", IF('kabeli i uvodnice'!G3<'rittal uvodnice'!$D$2,'rittal uvodnice'!$A$2, IF('kabeli i uvodnice'!G3<'rittal uvodnice'!$D$3,'rittal uvodnice'!$A$3, IF('kabeli i uvodnice'!G3<'rittal uvodnice'!$D$4,'rittal uvodnice'!$A$4, IF('kabeli i uvodnice'!G3<'rittal uvodnice'!$D$5,'rittal uvodnice'!$A$5, IF('kabeli i uvodnice'!G3<'rittal uvodnice'!$D$6,'rittal uvodnice'!$A$6, IF('kabeli i uvodnice'!G3<'rittal uvodnice'!$D$7,'rittal uvodnice'!$A$7, IF('kabeli i uvodnice'!G3<'rittal uvodnice'!$D$8,'rittal uvodnice'!$A$8, IF('kabeli i uvodnice'!G3<'rittal uvodnice'!$D$9,'rittal uvodnice'!$A$9, "PREVELIK")))))))))) -> PREVELIK | J3: =IF(ISBLANK('kabeli i uvodnice'!G3),"", IF('kabeli i uvodnice'!G3<'rittal uvodnice'!$C$2,"PREMALEN", IF('kabeli i uvodnice'!G3<'rittal uvodnice'!$D$2,'rittal uvodnice'!$B$2, IF('kabeli i uvodnice'!G3<'rittal uvodnice'!$D$3,'rittal uvodnice'!$B$3, IF('kabeli i uvodnice'!G3<'rittal uvodnice'!$D$4,'rittal uvodnice'!$B$4, IF('kabeli i uvodnice'!G3<'rittal uvodnice'!$D$5,'rittal uvodnice'!$B$5, IF('kabeli i uvodnice'!G3<'rittal uvodnice'!$D$6,'rittal uvodnice'!$B$6, IF('kabeli i uvodnice'!G3<'rittal uvodnice'!$D$7,'rittal uvodnice'!$B$7, IF('kabeli i uvodnice'!G3<'rittal uvodnice'!$D$8,'rittal uvodnice'!$B$8, IF('kabeli i uvodnice'!G3<'rittal uvodnice'!$D$9,'rittal uvodnice'!$B$9, "PREVELIK")))))))))) -> PREVELIK | L3: bio 120/120
A4: W55 | B4: =Y BJP12+Y BJP12-X170 | C4: =Y BJP12+Y BJP12-E55 | E4: H05VV-F | F4: 3 x 1.5 mm² | G4: 9.4 | I4: =IF(ISBLANK('kabeli i uvodnice'!G4),"", IF('kabeli i uvodnice'!G4<'rittal uvodnice'!$C$2,"PREMALEN", IF('kabeli i uvodnice'!G4<'rittal uvodnice'!$D$2,'rittal uvodnice'!$A$2, IF('kabeli i uvodnice'!G4<'rittal uvodnice'!$D$3,'rittal uvodnice'!$A$3, IF('kabeli i uvodnice'!G4<'rittal uvodnice'!$D$4,'rittal uvodnice'!$A$4, IF('kabeli i uvodnice'!G4<'rittal uvodnice'!$D$5,'rittal uvodnice'!$A$5, IF('kabeli i uvodnice'!G4<'rittal uvodnice'!$D$6,'rittal uvodnice'!$A$6, IF('kabeli i uvodnice'!G4<'rittal uvodnice'!$D$7,'rittal uvodnice'!$A$7, IF('kabeli i uvodnice'!G4<'rittal uvodnice'!$D$8,'rittal uvodnice'!$A$8, IF('kabeli i uvodnice'!G4<'rittal uvodnice'!$D$9,'rittal uvodnice'!$A$9, "PREVELIK")))))))))) -> 2411811 | J4: =IF(ISBLANK('kabeli i uvodnice'!G4),"", IF('kabeli i uvodnice'!G4<'rittal uvodnice'!$C$2,"PREMALEN", IF('kabeli i uvodnice'!G4<'rittal uvodnice'!$D$2,'rittal uvodnice'!$B$2, IF('kabeli i uvodnice'!G4<'rittal uvodnice'!$D$3,'rittal uvodnice'!$B$3, IF('kabeli i uvodnice'!G4<'rittal uvodnice'!$D$4,'rittal uvodnice'!$B$4, IF('kabeli i uvodnice'!G4<'rittal uvodnice'!$D$5,'rittal uvodnice'!$B$5, IF('kabeli i uvodnice'!G4<'rittal uvodnice'!$D$6,'rittal uvodnice'!$B$6, IF('kabeli i uvodnice'!G4<'rittal uvodnice'!$D$7,'rittal uvodnice'!$B$7, IF('kabeli i uvodnice'!G4<'rittal uvodnice'!$D$8,'rittal uvodnice'!$B$8, IF('kabeli i uvodnice'!G4<'rittal uvodnice'!$D$9,'rittal uvodnice'!$B$9, "PREVELIK")))))))))) -> M16 x 1.5 | L4: 3 G 1,5
A5: W56 | B5: =Y BJP12+Y BJP12-X170 | C5: =Y BJP12+Y BJP12-S55 | E5: H05VV-F | I5: =IF(ISBLANK('kabeli i uvodnice'!G5),"", IF('kabeli i uvodnice'!G5<'rittal uvodnice'!$C$2,"PREMALEN", IF('kabeli i uvodnice'!G5<'rittal uvodnice'!$D$2,'rittal uvodnice'!$A$2, IF('kabeli i uvodnice'!G5<'rittal uvodnice'!$D$3,'rittal uvodnice'!$A$3, IF('kabeli i uvodnice'!G5<'rittal uvodnice'!$D$4,'rittal uvodnice'!$A$4, IF('kabeli i uvodnice'!G5<'rittal uvodnice'!$D$5,'rittal uvodnice'!$A$5, IF('kabeli i uvodnice'!G5<'rittal uvodnice'!$D$6,'rittal uvodnice'!$A$6, IF('kabeli i uvodnice'!G5<'rittal uvodnice'!$D$7,'rittal uvodnice'!$A$7, IF('kabeli i uvodnice'!G5<'rittal uvodnice'!$D$8,'rittal uvodnice'!$A$8, IF('kabeli i uvodnice'!G5<'rittal uvodnice'!$D$9,'rittal uvodnice'!$A$9, "PREVELIK")))))))))) | J5: =IF(ISBLANK('kabeli i uvodnice'!G5),"", IF('kabeli i uvodnice'!G5<'rittal uvodnice'!$C$2,"PREMALEN", IF('kabeli i uvodnice'!G5<'rittal uvodnice'!$D$2,'rittal uvodnice'!$B$2, IF('kabeli i uvodnice'!G5<'rittal uvodnice'!$D$3,'rittal uvodnice'!$B$3, IF('kabeli i uvodnice'!G5<'rittal uvodnice'!$D$4,'rittal uvodnice'!$B$4, IF('kabeli i uvodnice'!G5<'rittal uvodnice'!$D$5,'rittal uvodnice'!$B$5, IF('kabeli i uvodnice'!G5<'rittal uvodnice'!$D$6,'rittal uvodnice'!$B$6, IF('kabeli i uvodnice'!G5<'rittal uvodnice'!$D$7,'rittal uvodnice'!$B$7, IF('kabeli i uvodnice'!G5<'rittal uvodnice'!$D$8,'rittal uvodnice'!$B$8, IF('kabeli i uvodnice'!G5<'rittal uvodnice'!$D$9,'rittal uvodnice'!$B$9, "PREVELIK"))))))))))
A6: W65 | B6: =Y BJP12+Y BJP12-X170 | C6: =Y BJP12+Y BJP12-S65 | F6: 2 x 1 mm² | I6: =IF(ISBLANK('kabeli i uvodnice'!G6),"", IF('kabeli i uvodnice'!G6<'rittal uvodnice'!$C$2,"PREMALEN", IF('kabeli i uvodnice'!G6<'rittal uvodnice'!$D$2,'rittal uvodnice'!$A$2, IF('kabeli i uvodnice'!G6<'rittal uvodnice'!$D$3,'rittal uvodnice'!$A$3, IF('kabeli i uvodnice'!G6<'rittal uvodnice'!$D$4,'rittal uvodnice'!$A$4, IF('kabeli i uvodnice'!G6<'rittal uvodnice'!$D$5,'rittal uvodnice'!$A$5, IF('kabeli i uvodnice'!G6<'rittal uvodnice'!$D$6,'rittal uvodnice'!$A$6, IF('kabeli i uvodnice'!G6<'rittal uvodnice'!$D$7,'rittal uvodnice'!$A$7, IF('kabeli i uvodnice'!G6<'rittal uvodnice'!$D$8,'rittal uvodnice'!$A$8, IF('kabeli i uvodnice'!G6<'rittal uvodnice'!$D$9,'rittal uvodnice'!$A$9, "PREVELIK")))))))))) | J6: =IF(ISBLANK('kabeli i uvodnice'!G6),"", IF('kabeli i uvodnice'!G6<'rittal uvodnice'!$C$2,"PREMALEN", IF('kabeli i uvodnice'!G6<'rittal uvodnice'!$D$2,'rittal uvodnice'!$B$2, IF('kabeli i uvodnice'!G6<'rittal uvodnice'!$D$3,'rittal uvodnice'!$B$3, IF('kabeli i uvodnice'!G6<'rittal uvodnice'!$D$4,'rittal uvodnice'!$B$4, IF('kabeli i uvodnice'!G6<'rittal uvodnice'!$D$5,'rittal uvodnice'!$B$5, IF('kabeli i uvodnice'!G6<'rittal uvodnice'!$D$6,'rittal uvodnice'!$B$6, IF('kabeli i uvodnice'!G6<'rittal uvodnice'!$D$7,'rittal uvodnice'!$B$7, IF('kabeli i uvodnice'!G6<'rittal uvodnice'!$D$8,'rittal uvodnice'!$B$8, IF('kabeli i uvodnice'!G6<'rittal uvodnice'!$D$9,'rittal uvodnice'!$B$9, "PREVELIK"))))))))))
A7: W67 | B7: =Y BJP12+Y BJP12-X170 | C7: =Y BJP12+Y BJP12-P65 | F7: 4 x 1 mm² | I7: =IF(ISBLANK('kabeli i uvodnice'!G7),"", IF('kabeli i uvodnice'!G7<'rittal uvodnice'!$C$2,"PREMALEN", IF('kabeli i uvodnice'!G7<'rittal uvodnice'!$D$2,'rittal uvodnice'!$A$2, IF('kabeli i uvodnice'!G7<'rittal uvodnice'!$D$3,'rittal uvodnice'!$A$3, IF('kabeli i uvodnice'!G7<'rittal uvodnice'!$D$4,'rittal uvodnice'!$A$4, IF('kabeli i uvodnice'!G7<'rittal uvodnice'!$D$5,'rittal uvodnice'!$A$5, IF('kabeli i uvodnice'!G7<'rittal uvodnice'!$D$6,'rittal uvodnice'!$A$6, IF('kabeli i uvodnice'!G7<'rittal uvodnice'!$D$7,'rittal uvodnice'!$A$7, IF('kabeli i uvodnice'!G7<'rittal uvodnice'!$D$8,'rittal uvodnice'!$A$8, IF('kabeli i uvodnice'!G7<'rittal uvodnice'!$D$9,'rittal uvodnice'!$A$9, "PREVELIK")))))))))) | J7: =IF(ISBLANK('kabeli i uvodnice'!G7),"", IF('kabeli i uvodnice'!G7<'rittal uvodnice'!$C$2,"PREMALEN", IF('kabeli i uvodnice'!G7<'rittal uvodnice'!$D$2,'rittal uvodnice'!$B$2, IF('kabeli i uvodnice'!G7<'rittal uvodnice'!$D$3,'rittal uvodnice'!$B$3, IF('kabeli i uvodnice'!G7<'rittal uvodnice'!$D$4,'rittal uvodnice'!$B$4, IF('kabeli i uvodnice'!G7<'rittal uvodnice'!$D$5,'rittal uvodnice'!$B$5, IF('kabeli i uvodnice'!G7<'rittal uvodnice'!$D$6,'rittal uvodnice'!$B$6, IF('kabeli i uvodnice'!G7<'rittal uvodnice'!$D$7,'rittal uvodnice'!$B$7, IF('kabeli i uvodnice'!G7<'rittal uvodnice'!$D$8,'rittal uvodnice'!$B$8, IF('kabeli i uvodnice'!G7<'rittal uvodnice'!$D$9,'rittal uvodnice'!$B$9, "PREVELIK"))))))))))
A8: W1000 | E8: VW3A1104R10 | I8: =IF(ISBLANK('kabeli i uvodnice'!G8),"", IF('kabeli i uvodnice'!G8<'rittal uvodnice'!$C$2,"PREMALEN", IF('kabeli i uvodnice'!G8<'rittal uvodnice'!$D$2,'rittal uvodnice'!$A$2, IF('kabeli i uvodnice'!G8<'rittal uvodnice'!$D$3,'rittal uvodnice'!$A$3, IF('kabeli i uvodnice'!G8<'rittal uvodnice'!$D$4,'rittal uvodnice'!$A$4, IF('kabeli i uvodnice'!G8<'rittal uvodnice'!$D$5,'rittal uvodnice'!$A$5, IF('kabeli i uvodnice'!G8<'rittal uvodnice'!$D$6,'rittal uvodnice'!$A$6, IF('kabeli i uvodnice'!G8<'rittal uvodnice'!$D$7,'rittal uvodnice'!$A$7, IF('kabeli i uvodnice'!G8<'rittal uvodnice'!$D$8,'rittal uvodnice'!$A$8, IF('kabeli i uvodnice'!G8<'rittal uvodnice'!$D$9,'rittal uvodnice'!$A$9, "PREVELIK")))))))))) | J8: =IF(ISBLANK('kabeli i uvodnice'!G8),"", IF('kabeli i uvodnice'!G8<'rittal uvodnice'!$C$2,"PREMALEN", IF('kabeli i uvodnice'!G8<'rittal uvodnice'!$D$2,'rittal uvodnice'!$B$2, IF('kabeli i uvodnice'!G8<'rittal uvodnice'!$D$3,'rittal uvodnice'!$B$3, IF('kabeli i uvodnice'!G8<'rittal uvodnice'!$D$4,'rittal uvodnice'!$B$4, IF('kabeli i uvodnice'!G8<'rittal uvodnice'!$D$5,'rittal uvodnice'!$B$5, IF('kabeli i uvodnice'!G8<'rittal uvodnice'!$D$6,'rittal uvodnice'!$B$6, IF('kabeli i uvodnice'!G8<'rittal uvodnice'!$D$7,'rittal uvodnice'!$B$7, IF('kabeli i uvodnice'!G8<'rittal uvodnice'!$D$8,'rittal uvodnice'!$B$8, IF('kabeli i uvodnice'!G8<'rittal uvodnice'!$D$9,'rittal uvodnice'!$B$9, "PREVELIK")))))))))) | L8: daljinski kabel
A9: W1001 | B9: =Y BJP12+Y BJP12-X170 | C9: =Y BJP12+Y BJP12-S61 | F9: 2 x 1 mm² | I9: =IF(ISBLANK('kabeli i uvodnice'!G9),"", IF('kabeli i uvodnice'!G9<'rittal uvodnice'!$C$2,"PREMALEN", IF('kabeli i uvodnice'!G9<'rittal uvodnice'!$D$2,'rittal uvodnice'!$A$2, IF('kabeli i uvodnice'!G9<'rittal uvodnice'!$D$3,'rittal uvodnice'!$A$3, IF('kabeli i uvodnice'!G9<'rittal uvodnice'!$D$4,'rittal uvodnice'!$A$4, IF('kabeli i uvodnice'!G9<'rittal uvodnice'!$D$5,'rittal uvodnice'!$A$5, IF('kabeli i uvodnice'!G9<'rittal uvodnice'!$D$6,'rittal uvodnice'!$A$6, IF('kabeli i uvodnice'!G9<'rittal uvodnice'!$D$7,'rittal uvodnice'!$A$7, IF('kabeli i uvodnice'!G9<'rittal uvodnice'!$D$8,'rittal uvodnice'!$A$8, IF('kabeli i uvodnice'!G9<'rittal uvodnice'!$D$9,'rittal uvodnice'!$A$9, "PREVELIK")))))))))) | J9: =IF(ISBLANK('kabeli i uvodnice'!G9),"", IF('kabeli i uvodnice'!G9<'rittal uvodnice'!$C$2,"PREMALEN", IF('kabeli i uvodnice'!G9<'rittal uvodnice'!$D$2,'rittal uvodnice'!$B$2, IF('kabeli i uvodnice'!G9<'rittal uvodnice'!$D$3,'rittal uvodnice'!$B$3, IF('kabeli i uvodnice'!G9<'rittal uvodnice'!$D$4,'rittal uvodnice'!$B$4, IF('kabeli i uvodnice'!G9<'rittal uvodnice'!$D$5,'rittal uvodnice'!$B$5, IF('kabeli i uvodnice'!G9<'rittal uvodnice'!$D$6,'rittal uvodnice'!$B$6, IF('kabeli i uvodnice'!G9<'rittal uvodnice'!$D$7,'rittal uvodnice'!$B$7, IF('kabeli i uvodnice'!G9<'rittal uvodnice'!$D$8,'rittal uvodnice'!$B$8, IF('kabeli i uvodnice'!G9<'rittal uvodnice'!$D$9,'rittal uvodnice'!$B$9, "PREVELIK"))))))))))
A10: W1442 | B10: =Y BJP12+Y BJP12-A03-X1 | C10: =Y BJP12+Y BJP12-A01 | I10: =IF(ISBLANK('kabeli i uvodnice'!G10),"", IF('kabeli i uvodnice'!G10<'rittal uvodnice'!$C$2,"PREMALEN", IF('kabeli i uvodnice'!G10<'rittal uvodnice'!$D$2,'rittal uvodnice'!$A$2, IF('kabeli i uvodnice'!G10<'rittal uvodnice'!$D$3,'rittal uvodnice'!$A$3, IF('kabeli i uvodnice'!G10<'rittal uvodnice'!$D$4,'rittal uvodnice'!$A$4, IF('kabeli i uvodnice'!G10<'rittal uvodnice'!$D$5,'rittal uvodnice'!$A$5, IF('kabeli i uvodnice'!G10<'rittal uvodnice'!$D$6,'rittal uvodnice'!$A$6, IF('kabeli i uvodnice'!G10<'rittal uvodnice'!$D$7,'rittal uvodnice'!$A$7, IF('kabeli i uvodnice'!G10<'rittal uvodnice'!$D$8,'rittal uvodnice'!$A$8, IF('kabeli i uvodnice'!G10<'rittal uvodnice'!$D$9,'rittal uvodnice'!$A$9, "PREVELIK")))))))))) | J10: =IF(ISBLANK('kabeli i uvodnice'!G10),"", IF('kabeli i uvodnice'!G10<'rittal uvodnice'!$C$2,"PREMALEN", IF('kabeli i uvodnice'!G10<'rittal uvodnice'!$D$2,'rittal uvodnice'!$B$2, IF('kabeli i uvodnice'!G10<'rittal uvodnice'!$D$3,'rittal uvodnice'!$B$3, IF('kabeli i uvodnice'!G10<'rittal uvodnice'!$D$4,'rittal uvodnice'!$B$4, IF('kabeli i uvodnice'!G10<'rittal uvodnice'!$D$5,'rittal uvodnice'!$B$5, IF('kabeli i uvodnice'!G10<'rittal uvodnice'!$D$6,'rittal uvodnice'!$B$6, IF('kabeli i uvodnice'!G10<'rittal uvodnice'!$D$7,'rittal uvodnice'!$B$7, IF('kabeli i uvodnice'!G10<'rittal uvodnice'!$D$8,'rittal uvodnice'!$B$8, IF('kabeli i uvodnice'!G10<'rittal uvodnice'!$D$9,'rittal uvodnice'!$B$9, "PREVELIK"))))))))))
A11: W1470 | I11: =IF(ISBLANK('kabeli i uvodnice'!G11),"", IF('kabeli i uvodnice'!G11<'rittal uvodnice'!$C$2,"PREMALEN", IF('kabeli i uvodnice'!G11<'rittal uvodnice'!$D$2,'rittal uvodnice'!$A$2, IF('kabeli i uvodnice'!G11<'rittal uvodnice'!$D$3,'rittal uvodnice'!$A$3, IF('kabeli i uvodnice'!G11<'rittal uvodnice'!$D$4,'rittal uvodnice'!$A$4, IF('kabeli i uvodnice'!G11<'rittal uvodnice'!$D$5,'rittal uvodnice'!$A$5, IF('kabeli i uvodnice'!G11<'rittal uvodnice'!$D$6,'rittal uvodnice'!$A$6, IF('kabeli i uvodnice'!G11<'rittal uvodnice'!$D$7,'rittal uvodnice'!$A$7, IF('kabeli i uvodnice'!G11<'rittal uvodnice'!$D$8,'rittal uvodnice'!$A$8, IF('kabeli i uvodnice'!G11<'rittal uvodnice'!$D$9,'rittal uvodnice'!$A$9, "PREVELIK")))))))))) | J11: =IF(ISBLANK('kabeli i uvodnice'!G11),"", IF('kabeli i uvodnice'!G11<'rittal uvodnice'!$C$2,"PREMALEN", IF('kabeli i uvodnice'!G11<'rittal uvodnice'!$D$2,'rittal uvodnice'!$B$2, IF('kabeli i uvodnice'!G11<'rittal uvodnice'!$D$3,'rittal uvodnice'!$B$3, IF('kabeli i uvodnice'!G11<'rittal uvodnice'!$D$4,'rittal uvodnice'!$B$4, IF('kabeli i uvodnice'!G11<'rittal uvodnice'!$D$5,'rittal uvodnice'!$B$5, IF('kabeli i uvodnice'!G11<'rittal uvodnice'!$D$6,'rittal uvodnice'!$B$6, IF('kabeli i uvodnice'!G11<'rittal uvodnice'!$D$7,'rittal uvodnice'!$B$7, IF('kabeli i uvodnice'!G11<'rittal uvodnice'!$D$8,'rittal uvodnice'!$B$8, IF('kabeli i uvodnice'!G11<'rittal uvodnice'!$D$9,'rittal uvodnice'!$B$9, "PREVELIK"))))))))))
A12: W2090 | B12: =Y BJP12+Y BJP12-X101 | C12: =Y BJP12+Y BJP12-A06 | I12: =IF(ISBLANK('kabeli i uvodnice'!G12),"", IF('kabeli i uvodnice'!G12<'rittal uvodnice'!$C$2,"PREMALEN", IF('kabeli i uvodnice'!G12<'rittal uvodnice'!$D$2,'rittal uvodnice'!$A$2, IF('kabeli i uvodnice'!G12<'rittal uvodnice'!$D$3,'rittal uvodnice'!$A$3, IF('kabeli i uvodnice'!G12<'rittal uvodnice'!$D$4,'rittal uvodnice'!$A$4, IF('kabeli i uvodnice'!G12<'rittal uvodnice'!$D$5,'rittal uvodnice'!$A$5, IF('kabeli i uvodnice'!G12<'rittal uvodnice'!$D$6,'rittal uvodnice'!$A$6, IF('kabeli i uvodnice'!G12<'rittal uvodnice'!$D$7,'rittal uvodnice'!$A$7, IF('kabeli i uvodnice'!G12<'rittal uvodnice'!$D$8,'rittal uvodnice'!$A$8, IF('kabeli i uvodnice'!G12<'rittal uvodnice'!$D$9,'rittal uvodnice'!$A$9, "PREVELIK")))))))))) | J12: =IF(ISBLANK('kabeli i uvodnice'!G12),"", IF('kabeli i uvodnice'!G12<'rittal uvodnice'!$C$2,"PREMALEN", IF('kabeli i uvodnice'!G12<'rittal uvodnice'!$D$2,'rittal uvodnice'!$B$2, IF('kabeli i uvodnice'!G12<'rittal uvodnice'!$D$3,'rittal uvodnice'!$B$3, IF('kabeli i uvodnice'!G12<'rittal uvodnice'!$D$4,'rittal uvodnice'!$B$4, IF('kabeli i uvodnice'!G12<'rittal uvodnice'!$D$5,'rittal uvodnice'!$B$5, IF('kabeli i uvodnice'!G12<'rittal uvodnice'!$D$6,'rittal uvodnice'!$B$6, IF('kabeli i uvodnice'!G12<'rittal uvodnice'!$D$7,'rittal uvodnice'!$B$7, IF('kabeli i uvodnice'!G12<'rittal uvodnice'!$D$8,'rittal uvodnice'!$B$8, IF('kabeli i uvodnice'!G12<'rittal uvodnice'!$D$9,'rittal uvodnice'!$B$9, "PREVELIK"))))))))))
A13: YBGF04/W004 | B13: =Y BJP14 Y CDP01+Y BJP14 Y CDP01-X0 | C13: =Y BFG+Y BFG04-F4 | E13: N2XCH-J | F13: 4 x 16/16 mm² | G13: 21 | I13: =IF(ISBLANK('kabeli i uvodnice'!G13),"", IF('kabeli i uvodnice'!G13<'rittal uvodnice'!$C$2,"PREMALEN", IF('kabeli i uvodnice'!G13<'rittal uvodnice'!$D$2,'rittal uvodnice'!$A$2, IF('kabeli i uvodnice'!G13<'rittal uvodnice'!$D$3,'rittal uvodnice'!$A$3, IF('kabeli i uvodnice'!G13<'rittal uvodnice'!$D$4,'rittal uvodnice'!$A$4, IF('kabeli i uvodnice'!G13<'rittal uvodnice'!$D$5,'rittal uvodnice'!$A$5, IF('kabeli i uvodnice'!G13<'rittal uvodnice'!$D$6,'rittal uvodnice'!$A$6, IF('kabeli i uvodnice'!G13<'rittal uvodnice'!$D$7,'rittal uvodnice'!$A$7, IF('kabeli i uvodnice'!G13<'rittal uvodnice'!$D$8,'rittal uvodnice'!$A$8, IF('kabeli i uvodnice'!G13<'rittal uvodnice'!$D$9,'rittal uvodnice'!$A$9, "PREVELIK")))))))))) -> 2411851 | J13: =IF(ISBLANK('kabeli i uvodnice'!G13),"", IF('kabeli i uvodnice'!G13<'rittal uvodnice'!$C$2,"PREMALEN", IF('kabeli i uvodnice'!G13<'rittal uvodnice'!$D$2,'rittal uvodnice'!$B$2, IF('kabeli i uvodnice'!G13<'rittal uvodnice'!$D$3,'rittal uvodnice'!$B$3, IF('kabeli i uvodnice'!G13<'rittal uvodnice'!$D$4,'rittal uvodnice'!$B$4, IF('kabeli i uvodnice'!G13<'rittal uvodnice'!$D$5,'rittal uvodnice'!$B$5, IF('kabeli i uvodnice'!G13<'rittal uvodnice'!$D$6,'rittal uvodnice'!$B$6, IF('kabeli i uvodnice'!G13<'rittal uvodnice'!$D$7,'rittal uvodnice'!$B$7, IF('kabeli i uvodnice'!G13<'rittal uvodnice'!$D$8,'rittal uvodnice'!$B$8, IF('kabeli i uvodnice'!G13<'rittal uvodnice'!$D$9,'rittal uvodnice'!$B$9, "PREVELIK")))))))))) -> M40 x 1.5 | L13: bio N2XH-J
A14: YBGF11/W004 | B14: =Y BJP14 Y CDP01+Y BJP14 Y CDP01-X0 | C14: =Y BFG+Y BFG11-F4 | E14: N2XCH-J | F14: 4 x 16/16 mm² | G14: 21 | I14: =IF(ISBLANK('kabeli i uvodnice'!G14),"", IF('kabeli i uvodnice'!G14<'rittal uvodnice'!$C$2,"PREMALEN", IF('kabeli i uvodnice'!G14<'rittal uvodnice'!$D$2,'rittal uvodnice'!$A$2, IF('kabeli i uvodnice'!G14<'rittal uvodnice'!$D$3,'rittal uvodnice'!$A$3, IF('kabeli i uvodnice'!G14<'rittal uvodnice'!$D$4,'rittal uvodnice'!$A$4, IF('kabeli i uvodnice'!G14<'rittal uvodnice'!$D$5,'rittal uvodnice'!$A$5, IF('kabeli i uvodnice'!G14<'rittal uvodnice'!$D$6,'rittal uvodnice'!$A$6, IF('kabeli i uvodnice'!G14<'rittal uvodnice'!$D$7,'rittal uvodnice'!$A$7, IF('kabeli i uvodnice'!G14<'rittal uvodnice'!$D$8,'rittal uvodnice'!$A$8, IF('kabeli i uvodnice'!G14<'rittal uvodnice'!$D$9,'rittal uvodnice'!$A$9, "PREVELIK")))))))))) -> 2411851 | J14: =IF(ISBLANK('kabeli i uvodnice'!G14),"", IF('kabeli i uvodnice'!G14<'rittal uvodnice'!$C$2,"PREMALEN", IF('kabeli i uvodnice'!G14<'rittal uvodnice'!$D$2,'rittal uvodnice'!$B$2, IF('kabeli i uvodnice'!G14<'rittal uvodnice'!$D$3,'rittal uvodnice'!$B$3, IF('kabeli i uvodnice'!G14<'rittal uvodnice'!$D$4,'rittal uvodnice'!$B$4, IF('kabeli i uvodnice'!G14<'rittal uvodnice'!$D$5,'rittal uvodnice'!$B$5, IF('kabeli i uvodnice'!G14<'rittal uvodnice'!$D$6,'rittal uvodnice'!$B$6, IF('kabeli i uvodnice'!G14<'rittal uvodnice'!$D$7,'rittal uvodnice'!$B$7, IF('kabeli i uvodnice'!G14<'rittal uvodnice'!$D$8,'rittal uvodnice'!$B$8, IF('kabeli i uvodnice'!G14<'rittal uvodnice'!$D$9,'rittal uvodnice'!$B$9, "PREVELIK")))))))))) -> M40 x 1.5 | L14: bio N2XH-J
A15: YBJP12/W001 | B15: =Y BJP12+Y BJP12-XT2 | C15: =?+?-M01 | E15: N2XCH | F15: 4 x 120/70 mm² | G15: 47 | I15: =IF(ISBLANK('kabeli i uvodnice'!G15),"", IF('kabeli i uvodnice'!G15<'rittal uvodnice'!$C$2,"PREMALEN", IF('kabeli i uvodnice'!G15<'rittal uvodnice'!$D$2,'rittal uvodnice'!$A$2, IF('kabeli i uvodnice'!G15<'rittal uvodnice'!$D$3,'rittal uvodnice'!$A$3, IF('kabeli i uvodnice'!G15<'rittal uvodnice'!$D$4,'rittal uvodnice'!$A$4, IF('kabeli i uvodnice'!G15<'rittal uvodnice'!$D$5,'rittal uvodnice'!$A$5, IF('kabeli i uvodnice'!G15<'rittal uvodnice'!$D$6,'rittal uvodnice'!$A$6, IF('kabeli i uvodnice'!G15<'rittal uvodnice'!$D$7,'rittal uvodnice'!$A$7, IF('kabeli i uvodnice'!G15<'rittal uvodnice'!$D$8,'rittal uvodnice'!$A$8, IF('kabeli i uvodnice'!G15<'rittal uvodnice'!$D$9,'rittal uvodnice'!$A$9, "PREVELIK")))))))))) -> PREVELIK | J15: =IF(ISBLANK('kabeli i uvodnice'!G15),"", IF('kabeli i uvodnice'!G15<'rittal uvodnice'!$C$2,"PREMALEN", IF('kabeli i uvodnice'!G15<'rittal uvodnice'!$D$2,'rittal uvodnice'!$B$2, IF('kabeli i uvodnice'!G15<'rittal uvodnice'!$D$3,'rittal uvodnice'!$B$3, IF('kabeli i uvodnice'!G15<'rittal uvodnice'!$D$4,'rittal uvodnice'!$B$4, IF('kabeli i uvodnice'!G15<'rittal uvodnice'!$D$5,'rittal uvodnice'!$B$5, IF('kabeli i uvodnice'!G15<'rittal uvodnice'!$D$6,'rittal uvodnice'!$B$6, IF('kabeli i uvodnice'!G15<'rittal uvodnice'!$D$7,'rittal uvodnice'!$B$7, IF('kabeli i uvodnice'!G15<'rittal uvodnice'!$D$8,'rittal uvodnice'!$B$8, IF('kabeli i uvodnice'!G15<'rittal uvodnice'!$D$9,'rittal uvodnice'!$B$9, "PREVELIK")))))))))) -> PREVELIK | L15: bio 120/120
A16: YBJP14/W003 | B16: =Y BJP14 Y CDP01+Y BJP14 Y CDP01-X2 | C16: =POMOĆNI SUSTAV DOBAVE+POMOĆNI SUSTAV DOBAVE-RDV-1 | E16: N2XCH | F16: 3 x 2.5/2.5 mm² | G16: 12 | I16: =IF(ISBLANK('kabeli i uvodnice'!G16),"", IF('kabeli i uvodnice'!G16<'rittal uvodnice'!$C$2,"PREMALEN", IF('kabeli i uvodnice'!G16<'rittal uvodnice'!$D$2,'rittal uvodnice'!$A$2, IF('kabeli i uvodnice'!G16<'rittal uvodnice'!$D$3,'rittal uvodnice'!$A$3, IF('kabeli i uvodnice'!G16<'rittal uvodnice'!$D$4,'rittal uvodnice'!$A$4, IF('kabeli i uvodnice'!G16<'rittal uvodnice'!$D$5,'rittal uvodnice'!$A$5, IF('kabeli i uvodnice'!G16<'rittal uvodnice'!$D$6,'rittal uvodnice'!$A$6, IF('kabeli i uvodnice'!G16<'rittal uvodnice'!$D$7,'rittal uvodnice'!$A$7, IF('kabeli i uvodnice'!G16<'rittal uvodnice'!$D$8,'rittal uvodnice'!$A$8, IF('kabeli i uvodnice'!G16<'rittal uvodnice'!$D$9,'rittal uvodnice'!$A$9, "PREVELIK")))))))))) -> 2411831 | J16: =IF(ISBLANK('kabeli i uvodnice'!G16),"", IF('kabeli i uvodnice'!G16<'rittal uvodnice'!$C$2,"PREMALEN", IF('kabeli i uvodnice'!G16<'rittal uvodnice'!$D$2,'rittal uvodnice'!$B$2, IF('kabeli i uvodnice'!G16<'rittal uvodnice'!$D$3,'rittal uvodnice'!$B$3, IF('kabeli i uvodnice'!G16<'rittal uvodnice'!$D$4,'rittal uvodnice'!$B$4, IF('kabeli i uvodnice'!G16<'rittal uvodnice'!$D$5,'rittal uvodnice'!$B$5, IF('kabeli i uvodnice'!G16<'rittal uvodnice'!$D$6,'rittal uvodnice'!$B$6, IF('kabeli i uvodnice'!G16<'rittal uvodnice'!$D$7,'rittal uvodnice'!$B$7, IF('kabeli i uvodnice'!G16<'rittal uvodnice'!$D$8,'rittal uvodnice'!$B$8, IF('kabeli i uvodnice'!G16<'rittal uvodnice'!$D$9,'rittal uvodnice'!$B$9, "PREVELIK")))))))))) -> M25 x 1.5
A17: YBJP14/W004 | B17: =Y BJP14 Y CDP01+Y BJP14 Y CDP01-X2 | C17: =POMOĆNI SUSTAV DOBAVE+POMOĆNI SUSTAV DOBAVE-RV-1 | E17: N2XCH | F17: 3 x 2.5/2.5 mm² | G17: 12 | I17: =IF(ISBLANK('kabeli i uvodnice'!G17),"", IF('kabeli i uvodnice'!G17<'rittal uvodnice'!$C$2,"PREMALEN", IF('kabeli i uvodnice'!G17<'rittal uvodnice'!$D$2,'rittal uvodnice'!$A$2, IF('kabeli i uvodnice'!G17<'rittal uvodnice'!$D$3,'rittal uvodnice'!$A$3, IF('kabeli i uvodnice'!G17<'rittal uvodnice'!$D$4,'rittal uvodnice'!$A$4, IF('kabeli i uvodnice'!G17<'rittal uvodnice'!$D$5,'rittal uvodnice'!$A$5, IF('kabeli i uvodnice'!G17<'rittal uvodnice'!$D$6,'rittal uvodnice'!$A$6, IF('kabeli i uvodnice'!G17<'rittal uvodnice'!$D$7,'rittal uvodnice'!$A$7, IF('kabeli i uvodnice'!G17<'rittal uvodnice'!$D$8,'rittal uvodnice'!$A$8, IF('kabeli i uvodnice'!G17<'rittal uvodnice'!$D$9,'rittal uvodnice'!$A$9, "PREVELIK")))))))))) -> 2411831 | J17: =IF(ISBLANK('kabeli i uvodnice'!G17),"", IF('kabeli i uvodnice'!G17<'rittal uvodnice'!$C$2,"PREMALEN", IF('kabeli i uvodnice'!G17<'rittal uvodnice'!$D$2,'rittal uvodnice'!$B$2, IF('kabeli i uvodnice'!G17<'rittal uvodnice'!$D$3,'rittal uvodnice'!$B$3, IF('kabeli i uvodnice'!G17<'rittal uvodnice'!$D$4,'rittal uvodnice'!$B$4, IF('kabeli i uvodnice'!G17<'rittal uvodnice'!$D$5,'rittal uvodnice'!$B$5, IF('kabeli i uvodnice'!G17<'rittal uvodnice'!$D$6,'rittal uvodnice'!$B$6, IF('kabeli i uvodnice'!G17<'rittal uvodnice'!$D$7,'rittal uvodnice'!$B$7, IF('kabeli i uvodnice'!G17<'rittal uvodnice'!$D$8,'rittal uvodnice'!$B$8, IF('kabeli i uvodnice'!G17<'rittal uvodnice'!$D$9,'rittal uvodnice'!$B$9, "PREVELIK")))))))))) -> M25 x 1.5
A18: YBJP14/W005 | B18: =Y BJP14 Y CDP01+Y BJP14 Y CDP01-X2 | C18: =GLAVNI SUSTAV DOBAVE+GLAVNI SUSTAV DOBAVE-LZ-6 | E18: N2XCH | F18: 3 x 2.5/2.5 mm² | G18: 12 | I18: =IF(ISBLANK('kabeli i uvodnice'!G18),"", IF('kabeli i uvodnice'!G18<'rittal uvodnice'!$C$2,"PREMALEN", IF('kabeli i uvodnice'!G18<'rittal uvodnice'!$D$2,'rittal uvodnice'!$A$2, IF('kabeli i uvodnice'!G18<'rittal uvodnice'!$D$3,'rittal uvodnice'!$A$3, IF('kabeli i uvodnice'!G18<'rittal uvodnice'!$D$4,'rittal uvodnice'!$A$4, IF('kabeli i uvodnice'!G18<'rittal uvodnice'!$D$5,'rittal uvodnice'!$A$5, IF('kabeli i uvodnice'!G18<'rittal uvodnice'!$D$6,'rittal uvodnice'!$A$6, IF('kabeli i uvodnice'!G18<'rittal uvodnice'!$D$7,'rittal uvodnice'!$A$7, IF('kabeli i uvodnice'!G18<'rittal uvodnice'!$D$8,'rittal uvodnice'!$A$8, IF('kabeli i uvodnice'!G18<'rittal uvodnice'!$D$9,'rittal uvodnice'!$A$9, "PREVELIK")))))))))) -> 2411831 | J18: =IF(ISBLANK('kabeli i uvodnice'!G18),"", IF('kabeli i uvodnice'!G18<'rittal uvodnice'!$C$2,"PREMALEN", IF('kabeli i uvodnice'!G18<'rittal uvodnice'!$D$2,'rittal uvodnice'!$B$2, IF('kabeli i uvodnice'!G18<'rittal uvodnice'!$D$3,'rittal uvodnice'!$B$3, IF('kabeli i uvodnice'!G18<'rittal uvodnice'!$D$4,'rittal uvodnice'!$B$4, IF('kabeli i uvodnice'!G18<'rittal uvodnice'!$D$5,'rittal uvodnice'!$B$5, IF('kabeli i uvodnice'!G18<'rittal uvodnice'!$D$6,'rittal uvodnice'!$B$6, IF('kabeli i uvodnice'!G18<'rittal uvodnice'!$D$7,'rittal uvodnice'!$B$7, IF('kabeli i uvodnice'!G18<'rittal uvodnice'!$D$8,'rittal uvodnice'!$B$8, IF('kabeli i uvodnice'!G18<'rittal uvodnice'!$D$9,'rittal uvodnice'!$B$9, "PREVELIK")))))))))) -> M25 x 1.5
A19: YBJP14/W006 | B19: =Y BJP14 Y CDP01+Y BJP14 Y CDP01-X2 | C19: =BAZEN VODE RASHLADE+BAZEN VODE RASHLADE-FILTAR1 | E19: N2XCH | F19: 3 x 2.5/2.5 mm² | G19: 12 | I19: =IF(ISBLANK('kabeli i uvodnice'!G19),"", IF('kabeli i uvodnice'!G19<'rittal uvodnice'!$C$2,"PREMALEN", IF('kabeli i uvodnice'!G19<'rittal uvodnice'!$D$2,'rittal uvodnice'!$A$2, IF('kabeli i uvodnice'!G19<'rittal uvodnice'!$D$3,'rittal uvodnice'!$A$3, IF('kabeli i uvodnice'!G19<'rittal uvodnice'!$D$4,'rittal uvodnice'!$A$4, IF('kabeli i uvodnice'!G19<'rittal uvodnice'!$D$5,'rittal uvodnice'!$A$5, IF('kabeli i uvodnice'!G19<'rittal uvodnice'!$D$6,'rittal uvodnice'!$A$6, IF('kabeli i uvodnice'!G19<'rittal uvodnice'!$D$7,'rittal uvodnice'!$A$7, IF('kabeli i uvodnice'!G19<'rittal uvodnice'!$D$8,'rittal uvodnice'!$A$8, IF('kabeli i uvodnice'!G19<'rittal uvodnice'!$D$9,'rittal uvodnice'!$A$9, "PREVELIK")))))))))) -> 2411831 | J19: =IF(ISBLANK('kabeli i uvodnice'!G19),"", IF('kabeli i uvodnice'!G19<'rittal uvodnice'!$C$2,"PREMALEN", IF('kabeli i uvodnice'!G19<'rittal uvodnice'!$D$2,'rittal uvodnice'!$B$2, IF('kabeli i uvodnice'!G19<'rittal uvodnice'!$D$3,'rittal uvodnice'!$B$3, IF('kabeli i uvodnice'!G19<'rittal uvodnice'!$D$4,'rittal uvodnice'!$B$4, IF('kabeli i uvodnice'!G19<'rittal uvodnice'!$D$5,'rittal uvodnice'!$B$5, IF('kabeli i uvodnice'!G19<'rittal uvodnice'!$D$6,'rittal uvodnice'!$B$6, IF('kabeli i uvodnice'!G19<'rittal uvodnice'!$D$7,'rittal uvodnice'!$B$7, IF('kabeli i uvodnice'!G19<'rittal uvodnice'!$D$8,'rittal uvodnice'!$B$8, IF('kabeli i uvodnice'!G19<'rittal uvodnice'!$D$9,'rittal uvodnice'!$B$9, "PREVELIK")))))))))) -> M25 x 1.5
A20: YBJP14/W007 | B20: =Y BJP14 Y CDP01+Y BJP14 Y CDP01-X2 | C20: =BAZEN VODE RASHLADE+BAZEN VODE RASHLADE-FILTAR2 | E20: N2XCH | F20: 3 x 2.5/2.5 mm² | G20: 12 | I20: =IF(ISBLANK('kabeli i uvodnice'!G20),"", IF('kabeli i uvodnice'!G20<'rittal uvodnice'!$C$2,"PREMALEN", IF('kabeli i uvodnice'!G20<'rittal uvodnice'!$D$2,'rittal uvodnice'!$A$2, IF('kabeli i uvodnice'!G20<'rittal uvodnice'!$D$3,'rittal uvodnice'!$A$3, IF('kabeli i uvodnice'!G20<'rittal uvodnice'!$D$4,'rittal uvodnice'!$A$4, IF('kabeli i uvodnice'!G20<'rittal uvodnice'!$D$5,'rittal uvodnice'!$A$5, IF('kabeli i uvodnice'!G20<'rittal uvodnice'!$D$6,'rittal uvodnice'!$A$6, IF('kabeli i uvodnice'!G20<'rittal uvodnice'!$D$7,'rittal uvodnice'!$A$7, IF('kabeli i uvodnice'!G20<'rittal uvodnice'!$D$8,'rittal uvodnice'!$A$8, IF('kabeli i uvodnice'!G20<'rittal uvodnice'!$D$9,'rittal uvodnice'!$A$9, "PREVELIK")))))))))) -> 2411831 | J20: =IF(ISBLANK('kabeli i uvodnice'!G20),"", IF('kabeli i uvodnice'!G20<'rittal uvodnice'!$C$2,"PREMALEN", IF('kabeli i uvodnice'!G20<'rittal uvodnice'!$D$2,'rittal uvodnice'!$B$2, IF('kabeli i uvodnice'!G20<'rittal uvodnice'!$D$3,'rittal uvodnice'!$B$3, IF('kabeli i uvodnice'!G20<'rittal uvodnice'!$D$4,'rittal uvodnice'!$B$4, IF('kabeli i uvodnice'!G20<'rittal uvodnice'!$D$5,'rittal uvodnice'!$B$5, IF('kabeli i uvodnice'!G20<'rittal uvodnice'!$D$6,'rittal uvodnice'!$B$6, IF('kabeli i uvodnice'!G20<'rittal uvodnice'!$D$7,'rittal uvodnice'!$B$7, IF('kabeli i uvodnice'!G20<'rittal uvodnice'!$D$8,'rittal uvodnice'!$B$8, IF('kabeli i uvodnice'!G20<'rittal uvodnice'!$D$9,'rittal uvodnice'!$B$9, "PREVELIK")))))))))) -> M25 x 1.5
A21: YBJP14/W008 | B21: =Y BJP14 Y CDP01+Y BJP14 Y CDP01-X2 | C21: =BAZEN VODE RASHLADE+BAZEN VODE RASHLADE-FILTAR3 | E21: N2XCH | F21: 3 x 2.5/2.5 mm² | G21: 12 | I21: =IF(ISBLANK('kabeli i uvodnice'!G21),"", IF('kabeli i uvodnice'!G21<'rittal uvodnice'!$C$2,"PREMALEN", IF('kabeli i uvodnice'!G21<'rittal uvodnice'!$D$2,'rittal uvodnice'!$A$2, IF('kabeli i uvodnice'!G21<'rittal uvodnice'!$D$3,'rittal uvodnice'!$A$3, IF('kabeli i uvodnice'!G21<'rittal uvodnice'!$D$4,'rittal uvodnice'!$A$4, IF('kabeli i uvodnice'!G21<'rittal uvodnice'!$D$5,'rittal uvodnice'!$A$5, IF('kabeli i uvodnice'!G21<'rittal uvodnice'!$D$6,'rittal uvodnice'!$A$6, IF('kabeli i uvodnice'!G21<'rittal uvodnice'!$D$7,'rittal uvodnice'!$A$7, IF('kabeli i uvodnice'!G21<'rittal uvodnice'!$D$8,'rittal uvodnice'!$A$8, IF('kabeli i uvodnice'!G21<'rittal uvodnice'!$D$9,'rittal uvodnice'!$A$9, "PREVELIK")))))))))) -> 2411831 | J21: =IF(ISBLANK('kabeli i uvodnice'!G21),"", IF('kabeli i uvodnice'!G21<'rittal uvodnice'!$C$2,"PREMALEN", IF('kabeli i uvodnice'!G21<'rittal uvodnice'!$D$2,'rittal uvodnice'!$B$2, IF('kabeli i uvodnice'!G21<'rittal uvodnice'!$D$3,'rittal uvodnice'!$B$3, IF('kabeli i uvodnice'!G21<'rittal uvodnice'!$D$4,'rittal uvodnice'!$B$4, IF('kabeli i uvodnice'!G21<'rittal uvodnice'!$D$5,'rittal uvodnice'!$B$5, IF('kabeli i uvodnice'!G21<'rittal uvodnice'!$D$6,'rittal uvodnice'!$B$6, IF('kabeli i uvodnice'!G21<'rittal uvodnice'!$D$7,'rittal uvodnice'!$B$7, IF('kabeli i uvodnice'!G21<'rittal uvodnice'!$D$8,'rittal uvodnice'!$B$8, IF('kabeli i uvodnice'!G21<'rittal uvodnice'!$D$9,'rittal uvodnice'!$B$9, "PREVELIK")))))))))) -> M25 x 1.5
A22: YBJP14/W009 | B22: =Y BJP14 Y CDP01+Y BJP14 Y CDP01-X2 | C22: =GRAVITACIJSKI CJEVOVOD+GRAVITACIJSKI CJEVOVOD-FILTAR4 | E22: N2XCH | F22: 3 x 2.5/2.5 mm² | G22: 12 | I22: =IF(ISBLANK('kabeli i uvodnice'!G22),"", IF('kabeli i uvodnice'!G22<'rittal uvodnice'!$C$2,"PREMALEN", IF('kabeli i uvodnice'!G22<'rittal uvodnice'!$D$2,'rittal uvodnice'!$A$2, IF('kabeli i uvodnice'!G22<'rittal uvodnice'!$D$3,'rittal uvodnice'!$A$3, IF('kabeli i uvodnice'!G22<'rittal uvodnice'!$D$4,'rittal uvodnice'!$A$4, IF('kabeli i uvodnice'!G22<'rittal uvodnice'!$D$5,'rittal uvodnice'!$A$5, IF('kabeli i uvodnice'!G22<'rittal uvodnice'!$D$6,'rittal uvodnice'!$A$6, IF('kabeli i uvodnice'!G22<'rittal uvodnice'!$D$7,'rittal uvodnice'!$A$7, IF('kabeli i uvodnice'!G22<'rittal uvodnice'!$D$8,'rittal uvodnice'!$A$8, IF('kabeli i uvodnice'!G22<'rittal uvodnice'!$D$9,'rittal uvodnice'!$A$9, "PREVELIK")))))))))) -> 2411831 | J22: =IF(ISBLANK('kabeli i uvodnice'!G22),"", IF('kabeli i uvodnice'!G22<'rittal uvodnice'!$C$2,"PREMALEN", IF('kabeli i uvodnice'!G22<'rittal uvodnice'!$D$2,'rittal uvodnice'!$B$2, IF('kabeli i uvodnice'!G22<'rittal uvodnice'!$D$3,'rittal uvodnice'!$B$3, IF('kabeli i uvodnice'!G22<'rittal uvodnice'!$D$4,'rittal uvodnice'!$B$4, IF('kabeli i uvodnice'!G22<'rittal uvodnice'!$D$5,'rittal uvodnice'!$B$5, IF('kabeli i uvodnice'!G22<'rittal uvodnice'!$D$6,'rittal uvodnice'!$B$6, IF('kabeli i uvodnice'!G22<'rittal uvodnice'!$D$7,'rittal uvodnice'!$B$7, IF('kabeli i uvodnice'!G22<'rittal uvodnice'!$D$8,'rittal uvodnice'!$B$8, IF('kabeli i uvodnice'!G22<'rittal uvodnice'!$D$9,'rittal uvodnice'!$B$9, "PREVELIK")))))))))) -> M25 x 1.5
A23: YBJP14/W010 | B23: =Y BJP14 Y CDP01+Y BJP14 Y CDP01-X2 | C23: =SUSTAV KLIMATIZACIJE+SUSTAV KLIMATIZACIJE-FILTAR5 | E23: N2XCH | F23: 3 x 2.5/2.5 mm² | G23: 12 | I23: =IF(ISBLANK('kabeli i uvodnice'!G23),"", IF('kabeli i uvodnice'!G23<'rittal uvodnice'!$C$2,"PREMALEN", IF('kabeli i uvodnice'!G23<'rittal uvodnice'!$D$2,'rittal uvodnice'!$A$2, IF('kabeli i uvodnice'!G23<'rittal uvodnice'!$D$3,'rittal uvodnice'!$A$3, IF('kabeli i uvodnice'!G23<'rittal uvodnice'!$D$4,'rittal uvodnice'!$A$4, IF('kabeli i uvodnice'!G23<'rittal uvodnice'!$D$5,'rittal uvodnice'!$A$5, IF('kabeli i uvodnice'!G23<'rittal uvodnice'!$D$6,'rittal uvodnice'!$A$6, IF('kabeli i uvodnice'!G23<'rittal uvodnice'!$D$7,'rittal uvodnice'!$A$7, IF('kabeli i uvodnice'!G23<'rittal uvodnice'!$D$8,'rittal uvodnice'!$A$8, IF('kabeli i uvodnice'!G23<'rittal uvodnice'!$D$9,'rittal uvodnice'!$A$9, "PREVELIK")))))))))) -> 2411831 | J23: =IF(ISBLANK('kabeli i uvodnice'!G23),"", IF('kabeli i uvodnice'!G23<'rittal uvodnice'!$C$2,"PREMALEN", IF('kabeli i uvodnice'!G23<'rittal uvodnice'!$D$2,'rittal uvodnice'!$B$2, IF('kabeli i uvodnice'!G23<'rittal uvodnice'!$D$3,'rittal uvodnice'!$B$3, IF('kabeli i uvodnice'!G23<'rittal uvodnice'!$D$4,'rittal uvodnice'!$B$4, IF('kabeli i uvodnice'!G23<'rittal uvodnice'!$D$5,'rittal uvodnice'!$B$5, IF('kabeli i uvodnice'!G23<'rittal uvodnice'!$D$6,'rittal uvodnice'!$B$6, IF('kabeli i uvodnice'!G23<'rittal uvodnice'!$D$7,'rittal uvodnice'!$B$7, IF('kabeli i uvodnice'!G23<'rittal uvodnice'!$D$8,'rittal uvodnice'!$B$8, IF('kabeli i uvodnice'!G23<'rittal uvodnice'!$D$9,'rittal uvodnice'!$B$9, "PREVELIK")))))))))) -> M25 x 1.5
A24: YBJP14/W031 | B24: =Y BJP14 Y CDP01+Y BJP14 Y CDP01-X3 | C24: =ODVODNI TUNEL AGREGATA A+ODVODNI TUNEL AGREGATA A-X | E24: N2XCH | F24: 2 x 2.5/2.5 mm² | G24: 12 | I24: =IF(ISBLANK('kabeli i uvodnice'!G24),"", IF('kabeli i uvodnice'!G24<'rittal uvodnice'!$C$2,"PREMALEN", IF('kabeli i uvodnice'!G24<'rittal uvodnice'!$D$2,'rittal uvodnice'!$A$2, IF('kabeli i uvodnice'!G24<'rittal uvodnice'!$D$3,'rittal uvodnice'!$A$3, IF('kabeli i uvodnice'!G24<'rittal uvodnice'!$D$4,'rittal uvodnice'!$A$4, IF('kabeli i uvodnice'!G24<'rittal uvodnice'!$D$5,'rittal uvodnice'!$A$5, IF('kabeli i uvodnice'!G24<'rittal uvodnice'!$D$6,'rittal uvodnice'!$A$6, IF('kabeli i uvodnice'!G24<'rittal uvodnice'!$D$7,'rittal uvodnice'!$A$7, IF('kabeli i uvodnice'!G24<'rittal uvodnice'!$D$8,'rittal uvodnice'!$A$8, IF('kabeli i uvodnice'!G24<'rittal uvodnice'!$D$9,'rittal uvodnice'!$A$9, "PREVELIK")))))))))) -> 2411831 | J24: =IF(ISBLANK('kabeli i uvodnice'!G24),"", IF('kabeli i uvodnice'!G24<'rittal uvodnice'!$C$2,"PREMALEN", IF('kabeli i uvodnice'!G24<'rittal uvodnice'!$D$2,'rittal uvodnice'!$B$2, IF('kabeli i uvodnice'!G24<'rittal uvodnice'!$D$3,'rittal uvodnice'!$B$3, IF('kabeli i uvodnice'!G24<'rittal uvodnice'!$D$4,'rittal uvodnice'!$B$4, IF('kabeli i uvodnice'!G24<'rittal uvodnice'!$D$5,'rittal uvodnice'!$B$5, IF('kabeli i uvodnice'!G24<'rittal uvodnice'!$D$6,'rittal uvodnice'!$B$6, IF('kabeli i uvodnice'!G24<'rittal uvodnice'!$D$7,'rittal uvodnice'!$B$7, IF('kabeli i uvodnice'!G24<'rittal uvodnice'!$D$8,'rittal uvodnice'!$B$8, IF('kabeli i uvodnice'!G24<'rittal uvodnice'!$D$9,'rittal uvodnice'!$B$9, "PREVELIK")))))))))) -> M25 x 1.5
A25: YBJP14/W032 | B25: =Y BJP14 Y CDP01+Y BJP14 Y CDP01-X3 | C25: =ODVODNI TUNEL AGREGATA B+ODVODNI TUNEL AGREGATA B-X | E25: N2XCH | F25: 2 x 2.5/2.5 mm² | G25: 12 | I25: =IF(ISBLANK('kabeli i uvodnice'!G25),"", IF('kabeli i uvodnice'!G25<'rittal uvodnice'!$C$2,"PREMALEN", IF('kabeli i uvodnice'!G25<'rittal uvodnice'!$D$2,'rittal uvodnice'!$A$2, IF('kabeli i uvodnice'!G25<'rittal uvodnice'!$D$3,'rittal uvodnice'!$A$3, IF('kabeli i uvodnice'!G25<'rittal uvodnice'!$D$4,'rittal uvodnice'!$A$4, IF('kabeli i uvodnice'!G25<'rittal uvodnice'!$D$5,'rittal uvodnice'!$A$5, IF('kabeli i uvodnice'!G25<'rittal uvodnice'!$D$6,'rittal uvodnice'!$A$6, IF('kabeli i uvodnice'!G25<'rittal uvodnice'!$D$7,'rittal uvodnice'!$A$7, IF('kabeli i uvodnice'!G25<'rittal uvodnice'!$D$8,'rittal uvodnice'!$A$8, IF('kabeli i uvodnice'!G25<'rittal uvodnice'!$D$9,'rittal uvodnice'!$A$9, "PREVELIK")))))))))) -> 2411831 | J25: =IF(ISBLANK('kabeli i uvodnice'!G25),"", IF('kabeli i uvodnice'!G25<'rittal uvodnice'!$C$2,"PREMALEN", IF('kabeli i uvodnice'!G25<'rittal uvodnice'!$D$2,'rittal uvodnice'!$B$2, IF('kabeli i uvodnice'!G25<'rittal uvodnice'!$D$3,'rittal uvodnice'!$B$3, IF('kabeli i uvodnice'!G25<'rittal uvodnice'!$D$4,'rittal uvodnice'!$B$4, IF('kabeli i uvodnice'!G25<'rittal uvodnice'!$D$5,'rittal uvodnice'!$B$5, IF('kabeli i uvodnice'!G25<'rittal uvodnice'!$D$6,'rittal uvodnice'!$B$6, IF('kabeli i uvodnice'!G25<'rittal uvodnice'!$D$7,'rittal uvodnice'!$B$7, IF('kabeli i uvodnice'!G25<'rittal uvodnice'!$D$8,'rittal uvodnice'!$B$8, IF('kabeli i uvodnice'!G25<'rittal uvodnice'!$D$9,'rittal uvodnice'!$B$9, "PREVELIK")))))))))) -> M25 x 1.5
A26: YBJP14/W033 | B26: =Y BJP14 Y CDP01+Y BJP14 Y CDP01-X3 | C26: =ODVODNI TUNEL AGREGATA C+ODVODNI TUNEL AGREGATA C-X | E26: N2XCH | F26: 2 x 2.5/2.5 mm² | G26: 12 | I26: =IF(ISBLANK('kabeli i uvodnice'!G26),"", IF('kabeli i uvodnice'!G26<'rittal uvodnice'!$C$2,"PREMALEN", IF('kabeli i uvodnice'!G26<'rittal uvodnice'!$D$2,'rittal uvodnice'!$A$2, IF('kabeli i uvodnice'!G26<'rittal uvodnice'!$D$3,'rittal uvodnice'!$A$3, IF('kabeli i uvodnice'!G26<'rittal uvodnice'!$D$4,'rittal uvodnice'!$A$4, IF('kabeli i uvodnice'!G26<'rittal uvodnice'!$D$5,'rittal uvodnice'!$A$5, IF('kabeli i uvodnice'!G26<'rittal uvodnice'!$D$6,'rittal uvodnice'!$A$6, IF('kabeli i uvodnice'!G26<'rittal uvodnice'!$D$7,'rittal uvodnice'!$A$7, IF('kabeli i uvodnice'!G26<'rittal uvodnice'!$D$8,'rittal uvodnice'!$A$8, IF('kabeli i uvodnice'!G26<'rittal uvodnice'!$D$9,'rittal uvodnice'!$A$9, "PREVELIK")))))))))) -> 2411831 | J26: =IF(ISBLANK('kabeli i uvodnice'!G26),"", IF('kabeli i uvodnice'!G26<'rittal uvodnice'!$C$2,"PREMALEN", IF('kabeli i uvodnice'!G26<'rittal uvodnice'!$D$2,'rittal uvodnice'!$B$2, IF('kabeli i uvodnice'!G26<'rittal uvodnice'!$D$3,'rittal uvodnice'!$B$3, IF('kabeli i uvodnice'!G26<'rittal uvodnice'!$D$4,'rittal uvodnice'!$B$4, IF('kabeli i uvodnice'!G26<'rittal uvodnice'!$D$5,'rittal uvodnice'!$B$5, IF('kabeli i uvodnice'!G26<'rittal uvodnice'!$D$6,'rittal uvodnice'!$B$6, IF('kabeli i uvodnice'!G26<'rittal uvodnice'!$D$7,'rittal uvodnice'!$B$7, IF('kabeli i uvodnice'!G26<'rittal uvodnice'!$D$8,'rittal uvodnice'!$B$8, IF('kabeli i uvodnice'!G26<'rittal uvodnice'!$D$9,'rittal uvodnice'!$B$9, "PREVELIK")))))))))) -> M25 x 1.5
A27: YBJP14/W034 | B27: =Y BJP14 Y CDP01+Y BJP14 Y CDP01-X3 | C27: =Y BJP14 GH001+Y BJP14 GH001-X1 | E27: N2XCH | F27: 2 x 2.5/2.5 mm² | G27: 12 | I27: =IF(ISBLANK('kabeli i uvodnice'!G27),"", IF('kabeli i uvodnice'!G27<'rittal uvodnice'!$C$2,"PREMALEN", IF('kabeli i uvodnice'!G27<'rittal uvodnice'!$D$2,'rittal uvodnice'!$A$2, IF('kabeli i uvodnice'!G27<'rittal uvodnice'!$D$3,'rittal uvodnice'!$A$3, IF('kabeli i uvodnice'!G27<'rittal uvodnice'!$D$4,'rittal uvodnice'!$A$4, IF('kabeli i uvodnice'!G27<'rittal uvodnice'!$D$5,'rittal uvodnice'!$A$5, IF('kabeli i uvodnice'!G27<'rittal uvodnice'!$D$6,'rittal uvodnice'!$A$6, IF('kabeli i uvodnice'!G27<'rittal uvodnice'!$D$7,'rittal uvodnice'!$A$7, IF('kabeli i uvodnice'!G27<'rittal uvodnice'!$D$8,'rittal uvodnice'!$A$8, IF('kabeli i uvodnice'!G27<'rittal uvodnice'!$D$9,'rittal uvodnice'!$A$9, "PREVELIK")))))))))) -> 2411831 | J27: =IF(ISBLANK('kabeli i uvodnice'!G27),"", IF('kabeli i uvodnice'!G27<'rittal uvodnice'!$C$2,"PREMALEN", IF('kabeli i uvodnice'!G27<'rittal uvodnice'!$D$2,'rittal uvodnice'!$B$2, IF('kabeli i uvodnice'!G27<'rittal uvodnice'!$D$3,'rittal uvodnice'!$B$3, IF('kabeli i uvodnice'!G27<'rittal uvodnice'!$D$4,'rittal uvodnice'!$B$4, IF('kabeli i uvodnice'!G27<'rittal uvodnice'!$D$5,'rittal uvodnice'!$B$5, IF('kabeli i uvodnice'!G27<'rittal uvodnice'!$D$6,'rittal uvodnice'!$B$6, IF('kabeli i uvodnice'!G27<'rittal uvodnice'!$D$7,'rittal uvodnice'!$B$7, IF('kabeli i uvodnice'!G27<'rittal uvodnice'!$D$8,'rittal uvodnice'!$B$8, IF('kabeli i uvodnice'!G27<'rittal uvodnice'!$D$9,'rittal uvodnice'!$B$9, "PREVELIK")))))))))) -> M25 x 1.5
... A96: YCDP01/W903 | B96: =Y BJP13+Y BJP13-U? | C96: =Y BJP14 Y CDP01+Y BJP14 Y CDP01-U111 | E96: ETHERLINE Y CAT5 | F96: 2X2XAWG22 | G96: 6.5 | I96: =IF(ISBLANK('kabeli i uvodnice'!G96),"", IF('kabeli i uvodnice'!G96<'rittal uvodnice'!$C$2,"PREMALEN", IF('kabeli i uvodnice'!G96<'rittal uvodnice'!$D$2,'rittal uvodnice'!$A$2, IF('kabeli i uvodnice'!G96<'rittal uvodnice'!$D$3,'rittal uvodnice'!$A$3, IF('kabeli i uvodnice'!G96<'rittal uvodnice'!$D$4,'rittal uvodnice'!$A$4, IF('kabeli i uvodnice'!G96<'rittal uvodnice'!$D$5,'rittal uvodnice'!$A$5, IF('kabeli i uvodnice'!G96<'rittal uvodnice'!$D$6,'rittal uvodnice'!$A$6, IF('kabeli i uvodnice'!G96<'rittal uvodnice'!$D$7,'rittal uvodnice'!$A$7, IF('kabeli i uvodnice'!G96<'rittal uvodnice'!$D$8,'rittal uvodnice'!$A$8, IF('kabeli i uvodnice'!G96<'rittal uvodnice'!$D$9,'rittal uvodnice'!$A$9, "PREVELIK")))))))))) -> 2411811 | J96: =IF(ISBLANK('kabeli i uvodnice'!G96),"", IF('kabeli i uvodnice'!G96<'rittal uvodnice'!$C$2,"PREMALEN", IF('kabeli i uvodnice'!G96<'rittal uvodnice'!$D$2,'rittal uvodnice'!$B$2, IF('kabeli i uvodnice'!G96<'rittal uvodnice'!$D$3,'rittal uvodnice'!$B$3, IF('kabeli i uvodnice'!G96<'rittal uvodnice'!$D$4,'rittal uvodnice'!$B$4, IF('kabeli i uvodnice'!G96<'rittal uvodnice'!$D$5,'rittal uvodnice'!$B$5, IF('kabeli i uvodnice'!G96<'rittal uvodnice'!$D$6,'rittal uvodnice'!$B$6, IF('kabeli i uvodnice'!G96<'rittal uvodnice'!$D$7,'rittal uvodnice'!$B$7, IF('kabeli i uvodnice'!G96<'rittal uvodnice'!$D$8,'rittal uvodnice'!$B$8, IF('kabeli i uvodnice'!G96<'rittal uvodnice'!$D$9,'rittal uvodnice'!$B$9, "PREVELIK")))))))))) -> M16 x 1.5
A97: YCDP01/W951 | B97: =+ | C97: =Y BJP14 Y CDP01+Y BJP14 Y CDP01-U111 | I97: =IF(ISBLANK('kabeli i uvodnice'!G97),"", IF('kabeli i uvodnice'!G97<'rittal uvodnice'!$C$2,"PREMALEN", IF('kabeli i uvodnice'!G97<'rittal uvodnice'!$D$2,'rittal uvodnice'!$A$2, IF('kabeli i uvodnice'!G97<'rittal uvodnice'!$D$3,'rittal uvodnice'!$A$3, IF('kabeli i uvodnice'!G97<'rittal uvodnice'!$D$4,'rittal uvodnice'!$A$4, IF('kabeli i uvodnice'!G97<'rittal uvodnice'!$D$5,'rittal uvodnice'!$A$5, IF('kabeli i uvodnice'!G97<'rittal uvodnice'!$D$6,'rittal uvodnice'!$A$6, IF('kabeli i uvodnice'!G97<'rittal uvodnice'!$D$7,'rittal uvodnice'!$A$7, IF('kabeli i uvodnice'!G97<'rittal uvodnice'!$D$8,'rittal uvodnice'!$A$8, IF('kabeli i uvodnice'!G97<'rittal uvodnice'!$D$9,'rittal uvodnice'!$A$9, "PREVELIK")))))))))) | J97: =IF(ISBLANK('kabeli i uvodnice'!G97),"", IF('kabeli i uvodnice'!G97<'rittal uvodnice'!$C$2,"PREMALEN", IF('kabeli i uvodnice'!G97<'rittal uvodnice'!$D$2,'rittal uvodnice'!$B$2, IF('kabeli i uvodnice'!G97<'rittal uvodnice'!$D$3,'rittal uvodnice'!$B$3, IF('kabeli i uvodnice'!G97<'rittal uvodnice'!$D$4,'rittal uvodnice'!$B$4, IF('kabeli i uvodnice'!G97<'rittal uvodnice'!$D$5,'rittal uvodnice'!$B$5, IF('kabeli i uvodnice'!G97<'rittal uvodnice'!$D$6,'rittal uvodnice'!$B$6, IF('kabeli i uvodnice'!G97<'rittal uvodnice'!$D$7,'rittal uvodnice'!$B$7, IF('kabeli i uvodnice'!G97<'rittal uvodnice'!$D$8,'rittal uvodnice'!$B$8, IF('kabeli i uvodnice'!G97<'rittal uvodnice'!$D$9,'rittal uvodnice'!$B$9, "PREVELIK"))))))))))

Sheet rittal uvodnice
A1: Article no. | B1: Thread | C1: Min. cable diameter | D1: Max. cable diameter | E1: Thread length | F1: Width across flats
A2: 2411801 | B2: M12 x 1.5 | C2: 3 | D2: 6.5 | E2: 6 | F2: 14
A3: 2411811 | B3: M16 x 1.5 | C3: 5 | D3: 10 | E3: 7 | F3: 20
A4: 2411821 | B4: M20 x 1.5 | C4: 6 | D4: 12 | E4: 8 | F4: 22
A5: 2411831 | B5: M25 x 1.5 | C5: 11 | D5: 17 | E5: 8 | F5: 27
A6: 2411841 | B6: M32 x 1.5 | C6: 15 | D6: 21 | E6: 8 | F6: 34
A7: 2411851 | B7: M40 x 1.5 | C7: 19 | D7: 28 | E7: 9 | F7: 43
A8: 2411861 | B8: M50 x 1.5 | C8: 27 | D8: 38 | E8: 9 | F8: 58
A9: 2411871 | B9: M63 x 1.5 | C9: 34 | D9: 44 | E9: 14 | F9: 64
