Workbook

Sheet DOCPROPERTIES
A1: SAP_PROPOSED_FILENAME | B1: SMAS-2AGC06-0000-10546900-RevE-SL_INSTRUMENT_LIST
A2: SAP_V1_VERSION | B2: A
A3: SAP_V1_USER | B3: belluca
A4: SAP_V1_RELEASE_USER | B4: belluca
A5: SAP_V1_RELEASE_DATE | B5: 2025-03-07
A6: SAP_V2_VERSION | B6: B
A7: SAP_V2_USER | B7: laquama
A8: SAP_V2_RELEASE_USER | B8: belluca
A9: SAP_V2_RELEASE_DATE | B9: 2025-04-29
A10: SAP_V3_VERSION | B10: C
A11: SAP_V3_USER | B11: laquama
A12: SAP_V3_RELEASE_USER | B12: belluca
... A19: SAP_V5_USER | B19: laquama
A20: SAP_V5_RELEASE_USER
A21: SAP_V5_RELEASE_DATE
A22: SAP_V6_VERSION
A23: SAP_V6_USER
A24: SAP_V6_RELEASE_USER
A25: SAP_V6_RELEASE_DATE
A26: SAP_DEPARTMENT_RELEASE_USER | B26: aut
A27: SAP_DESCRIPTION | B27: INSTRUMENT LIST
A28: SAP_APPLICATION | B28: XLS:P
A29: SAP_DTYPE | B29: SLX1
A30: SAP_DOCID | B30: 2-10546900
A31: SAP_DOCTYPE | B31: HSP
A32: SAP_DOCPART | B32: 000
A33: SAP_DOCVERSION | B33: E
A34: SAP_REVLEVEL
A35: SAP_DOCTEXT_EN | B35: INSTRUMENT LIST
A36: SAP_DOCTEXT_DE | B36: INSTRUMENTENLISTE
A37: SAP_DOCTEXT_EN_1
A38: SAP_DOCTEXT_DE_1
A39: SAP_DOCTEXT_EN_2
A40: SAP_DOCTEXT_DE_2
A41: SAP_USERNAME | B41: laquama
A42: SAP_CREATION_USER | B42: laquama
A43: SAP_CREATION_DATE | B43: 2024-10-30
A44: SAP_REVIEW_DATE | B44: 2024-10-30
A45: SAP_REVIEW_USER | B45: belluca
A46: SAP_RELEASE_DATE | B46: 2024-10-30
A47: SAP_RELEASE_USER | B47: belluca
A48: SAP_LAST_CHANGE_DATE | B48: 2026-01-20
A49: SAP_LAST_CHANGE_USER | B49: laquama
A50: SAP_LABORATORY | B50: EU0
A51: SAP_AUTHGROUP | B51: EU0
A52: SAP_CHGNUMBER
A53: SAP_CC_NAME | B53: 2-10546900/HSP/E INSTRUMENT LIST
A54: SAP_CONTENT_TYPE | B54: Signal List
A55: SAP_CONTENT_TYPE_KEY | B55: SL
A56: SAP_STDBEN_EN | B56: INSTRUMENT LIST
A57: SAP_STRUCTURE_ELEMENT | B57: AGC0600
A58: SAP_PROJECT_ASSIGNMENT
A59: SAP_POWER_HOUSE_NAME | B59: Santa Massenza
A60: SAP_USER_DEFINED_DESCRIPTION
A61: SAP_DRAWING_ID | B61: 2AGC06-0000-10546900
A62: SAP_DOCSTATUS | B62: 11
A63: MAT_NO
A64: MAT_DESC
A65: MAT_WRKST
A66: MAT_WEIGHT
A67: SAP_V1_CREATE_DATE | B67: 2025-02-06
A68: SAP_V1_NUMBER_OF_CHANGES
A69: SAP_V1_CHANGE_NOTE
A70: SAP_V2_CREATE_DATE | B70: 2025-04-03
A71: SAP_V2_NUMBER_OF_CHANGES
A72: SAP_V2_CHANGE_NOTE
A73: SAP_V3_CREATE_DATE | B73: 2025-07-11
A74: SAP_V3_NUMBER_OF_CHANGES
A75: SAP_V3_CHANGE_NOTE
A76: SAP_V4_CREATE_DATE | B76: 2025-10-03
A77: SAP_V4_NUMBER_OF_CHANGES
A78: SAP_V4_CHANGE_NOTE
A79: SAP_V5_CREATE_DATE | B79: 2026-01-20
A80: SAP_V5_NUMBER_OF_CHANGES
A81: SAP_V5_CHANGE_NOTE
A82: SAP_V6_CREATE_DATE
A83: SAP_V6_NUMBER_OF_CHANGES
A84: SAP_V6_CHANGE_NOTE
A85: SAP_V7_VERSION
A86: SAP_V7_USER
A87: SAP_V7_CREATE_DATE
A88: SAP_V7_RELEASE_USER
A89: SAP_V7_RELEASE_DATE
A90: SAP_V7_NUMBER_OF_CHANGES
A91: SAP_V7_CHANGE_NOTE
... A98: SAP_V8_CHANGE_NOTE
A99: STDBEN1 | B99: instrument list
A100: STDBEN1_1 | B100: 工具清单
A101: STDBEN1_D | B101: Instrumentenliste
A102: STDBEN1_E | B102: instrument list
A103: STDBEN1_F | B103: liste d-instruments
A104: STDBEN1_I | B104: lista strumenti
A105: STDBEN1_J | B105: 器具一覧
A106: STDBEN1_K | B106: instrumentliste
A107: STDBEN1_P | B107: lista de instrument
A108: STDBEN1_R | B108: спис.инструментов
A109: STDBEN1_S | B109: lista instrumentos
A110: STDBEN1_U | B110: laitteistoluettelo
... A113: SAP_PROJECT_PREFIX | B113: SMAS
A114: SAP_CONSORTIUM_DOCUMENT_ID
...

Sheet Cover Sheet
B4: =INDEX(DOCPROPERTIES!B:B,MATCH("SAP_STDBEN_EN",DOCPROPERTIES!A:A,0)) -> INSTRUMENT LIST | AA4: =INDEX(DOCPROPERTIES!B:B,MATCH("SAP_POWER_HOUSE_NAME",DOCPROPERTIES!A:A,0)) -> Santa Massenza
B5: =INDEX(DOCPROPERTIES!B:B,MATCH("SAP_USER_DEFINED_DESCRIPTION",DOCPROPERTIES!A:A,0))
B6: =INDEX(DOCPROPERTIES!B:B,MATCH("SAP_CONTENT_TYPE",DOCPROPERTIES!A:A,0)) -> Signal List | AA6: Doc. ID: | AG6: =INDEX(DOCPROPERTIES!B:B,MATCH("SAP_DOCID",DOCPROPERTIES!A:A,0)) -> 2-10546900
AA7: Doc. Rev.: | AG7: =INDEX(DOCPROPERTIES!B:B,MATCH("SAP_DOCVERSION",DOCPROPERTIES!A:A,0)) -> E
F17: =INDEX(DOCPROPERTIES!B:B,MATCH("SAP_POWER_HOUSE_NAME",DOCPROPERTIES!A:A,0)) -> Santa Massenza
F18: Unit no. 4
C19: =#REF! -> #REF!
F20: =INDEX(DOCPROPERTIES!B:B,MATCH("SAP_STDBEN_EN",DOCPROPERTIES!A:A,0)) -> INSTRUMENT LIST
F21: =INDEX(DOCPROPERTIES!B:B,MATCH("SAP_USER_DEFINED_DESCRIPTION",DOCPROPERTIES!A:A,0))
F23: =INDEX(DOCPROPERTIES!B:B,MATCH("SAP_CONTENT_TYPE",DOCPROPERTIES!A:A,0)) -> Signal List
B35: Rev. | D35: Page | G35: Description | Z35: Created by | AF35: Approved by | AL35: Release Date
B36: =INDEX(DOCPROPERTIES!B:B,MATCH("SAP_V1_VERSION",DOCPROPERTIES!A:A,0)) -> A | G36: Aggiunta strumentazione supporti e correzione tag | Z36: =INDEX(DOCPROPERTIES!B:B,MATCH("SAP_V1_USER",DOCPROPERTIES!A:A,0)) -> belluca | AF36: =INDEX(DOCPROPERTIES!B:B,MATCH("SAP_V1_RELEASE_USER",DOCPROPERTIES!A:A,0)) -> belluca | AL36: =INDEX(DOCPROPERTIES!B:B,MATCH("SAP_V1_RELEASE_DATE",DOCPROPERTIES!A:A,0)) -> 2025-03-07
B37: =INDEX(DOCPROPERTIES!B:B,MATCH("SAP_V2_VERSION",DOCPROPERTIES!A:A,0)) -> B | G37: Aggiornamento generale dopo commenti HDE | Z37: =INDEX(DOCPROPERTIES!B:B,MATCH("SAP_V2_USER",DOCPROPERTIES!A:A,0)) -> laquama | AF37: =INDEX(DOCPROPERTIES!B:B,MATCH("SAP_V2_RELEASE_USER",DOCPROPERTIES!A:A,0)) -> belluca | AL37: =INDEX(DOCPROPERTIES!B:B,MATCH("SAP_V2_RELEASE_DATE",DOCPROPERTIES!A:A,0)) -> 2025-04-29
B38: =INDEX(DOCPROPERTIES!B:B,MATCH("SAP_V3_VERSION",DOCPROPERTIES!A:A,0)) -> C | G38: Aggiunta V.M. irrorazione modificati F.C. giunto | Z38: =INDEX(DOCPROPERTIES!B:B,MATCH("SAP_V3_USER",DOCPROPERTIES!A:A,0)) -> laquama | AF38: =INDEX(DOCPROPERTIES!B:B,MATCH("SAP_V3_RELEASE_USER",DOCPROPERTIES!A:A,0)) -> belluca | AL38: =INDEX(DOCPROPERTIES!B:B,MATCH("SAP_V3_RELEASE_DATE",DOCPROPERTIES!A:A,0)) -> 2025-10-03
B39: =INDEX(DOCPROPERTIES!B:B,MATCH("SAP_V4_VERSION",DOCPROPERTIES!A:A,0)) -> D | G39: Ins. marca e mod. strumentazione / Modificati segnali indicati con "D" nella colonna "Rev." | Z39: =INDEX(DOCPROPERTIES!B:B,MATCH("SAP_V4_USER",DOCPROPERTIES!A:A,0)) -> borrona | AF39: =INDEX(DOCPROPERTIES!B:B,MATCH("SAP_V4_RELEASE_USER",DOCPROPERTIES!A:A,0)) -> belluca | AL39: =INDEX(DOCPROPERTIES!B:B,MATCH("SAP_V4_RELEASE_DATE",DOCPROPERTIES!A:A,0)) -> 2025-11-17
B40: =INDEX(DOCPROPERTIES!B:B,MATCH("SAP_V5_VERSION",DOCPROPERTIES!A:A,0)) -> E | G40: Aggiunti FSW1 e FSW2 per circuito irrorazione gir. | Z40: =INDEX(DOCPROPERTIES!B:B,MATCH("SAP_V5_USER",DOCPROPERTIES!A:A,0)) -> laquama | AF40: =INDEX(DOCPROPERTIES!B:B,MATCH("SAP_V5_RELEASE_USER",DOCPROPERTIES!A:A,0)) | AL40: =INDEX(DOCPROPERTIES!B:B,MATCH("SAP_V5_RELEASE_DATE",DOCPROPERTIES!A:A,0))
B41: =INDEX(DOCPROPERTIES!B:B,MATCH("SAP_V6_VERSION",DOCPROPERTIES!A:A,0)) | Z41: =INDEX(DOCPROPERTIES!B:B,MATCH("SAP_V6_USER",DOCPROPERTIES!A:A,0)) | AF41: =INDEX(DOCPROPERTIES!B:B,MATCH("SAP_V6_RELEASE_USER",DOCPROPERTIES!A:A,0)) | AL41: =INDEX(DOCPROPERTIES!B:B,MATCH("SAP_V6_RELEASE_DATE",DOCPROPERTIES!A:A,0))
B44: Created by | I44: Date | P44: Checked by | W44: Date | AD44: Approved by | AK44: Date
B45: =INDEX(DOCPROPERTIES!B:B,MATCH("SAP_CREATION_USER",DOCPROPERTIES!A:A,0)) -> laquama | I45: =INDEX(DOCPROPERTIES!B:B,MATCH("SAP_CREATION_DATE",DOCPROPERTIES!A:A,0)) -> 2024-10-30 | P45: =INDEX(DOCPROPERTIES!B:B,MATCH("SAP_REVIEW_USER",DOCPROPERTIES!A:A,0)) -> belluca | W45: =INDEX(DOCPROPERTIES!B:B,MATCH("SAP_REVIEW_DATE",DOCPROPERTIES!A:A,0)) -> 2024-10-30 | AD45: =INDEX(DOCPROPERTIES!B:B,MATCH("SAP_RELEASE_USER",DOCPROPERTIES!A:A,0)) -> belluca | AK45: =INDEX(DOCPROPERTIES!B:B,MATCH("SAP_RELEASE_DATE",DOCPROPERTIES!A:A,0)) -> 2024-10-30

Sheet IO LIST
A1: SIGLA | B1: DESCRIZIONE | C1: DESCRIZIONE PER LISTA IO (da HDE) | D1: NOTE HDE | E1: COSTRUTTORE | F1: MODELLO | G1: WIRABLE SOCKET | H1: CONNECTOR CABLES WITH SOCKET | I1: UBICAZIONE | J1: TIPO | K1: CONTATTO | L1: SEGNALE | M1: CAR. ELETT. | N1: CASS. | O1: MORS. | P1: FORNITORE | Q1: REV. | R1: NOTE | S1: INFO
A2: 88PQ | B2: Motore pompa PQ | C2: AVVIAMENTO POMPA CHIUSURA VALVOLA DI RITEGNO | E2: Sovem | F2: M-4kW 4P 230/400-50 B5 IE3 | I2: Centralina oleodinamica bassa pressione P4 | J2: DO | M2: 400Vca 4KW | P2: VOITH | R2: cablaggio fino a strumento da realizzare in impianto | S2: Elenco segnali in revisione E redatto su schema idraulico n. 10527153 Revisione G
A3: ED1.1 (65S.1) | B3: Elettrovalvola messa in sicurezza turbina 1 | C3: SOD A4 - ECCITAZIONE ED1.1 (65S.1) | E3: Bosch Rexroth | F3: 3SED06 CK XX/350 CG125N9K4 | I3: Centralina oleodinamica alta pressione A4 | J3: DO | M3: +125Vcc 30W | N3: JB00 | O3: X1 | P3: VOITH
A4: ED1.2 (65S.2) | B4: Elettrovalvola messa in sicurezza turbina 2 | C4: SOD A4 - ECCITAZIONE ED1.2 (65S.2) | E4: Bosch Rexroth | F4: 3SED06 CK XX/350 CG125N9K4 | I4: Centralina oleodinamica alta pressione A4 | J4: DO | M4: +125Vcc 30W | N4: JB00 | O4: X1 | P4: VOITH
A5: ED101.1 | B5: Elettrovalvola comando attivazione controgetto 1 | C5: APERTURA CONTROGETTO 1 | E5: Bosch Rexroth | F5: 3SED06 CK XX/350 CG125N9K4 | I5: Centralina oleodinamica alta pressione A4 | J5: DO | M5: +125Vcc 30W | N5: JB00 | O5: X1 | P5: VOITH
A6: ED101.2 | B6: Elettrovalvola comando attivazione controgetto 2 | C6: APERTURA CONTROGETTO 2 | E6: Bosch Rexroth | F6: 3SED06 CK XX/350 CG125N9K4 | I6: Centralina oleodinamica alta pressione A4 | J6: DO | M6: +125Vcc 30W | N6: JB00 | O6: X1 | P6: VOITH
A7: ED2/1 | B7: Elettrovalvola comando rotazione valvola rotativa V41 - sinistra | C7: APERTURA ROTATIVA V41 | E7: Bosch Rexroth | F7: 3SED06 CK XX/350 CG125N9K4 | I7: Quadro valvola rotativa - lato V41 | J7: DO | M7: +125Vcc 30W | N7: JB06 | O7: X1 | P7: VOITH
A8: ED2/2 | B8: Elettrovalvola comando rotazione valvola rotativa V42 - destra | C8: APERTURA ROTATIVA V42 | E8: Bosch Rexroth | F8: 3SED06 CK XX/350 CG125N9K4 | I8: Quadro valvola rotativa - lato V42 | J8: DO | M8: +125Vcc 30W | N8: JB06 | O8: X3 | P8: VOITH
A9: ED3.A4 (S20Q) | B9: Elettrovalvola bistabile comando VRP3.A4 - centralina alta pressione turbina | C9: SOD A4 - APERTURA VRP3.A4 (20Q.A4) | E9: Bosch Rexroth | F9: 4WE06 D/OF XX/EG110 N9K4 | I9: Centralina oleodinamica alta pressione A4 | J9: DO | M9: +110Vcc 30W + 30W | N9: JB00 | O9: X1 | P9: VOITH
A10: ED3.P4 (S20Q.P4) | B10: Elettrovalvola bistabile comando VRP3.P4 - centralina bassa pressione pompa | C10: SOD P4 - APERTURA VRP3.P4 (20Q.P4) | E10: Bosch Rexroth | F10: 4WE06 D/OF XX/EG110 N9K4 | I10: Centralina oleodinamica bassa pressione P4 | J10: DO | M10: +110Vcc 30W + 30W | N10: JB07 | O10: X1 | P10: VOITH
A11: ED9/1 | B11: Elettrovalvola comando by-pass valvola rotativa V41 - sinistra (FUTURO) | C11: APERTURA BYPASS V41 (PREDISPOSIZIONE) | E11: Bosch Rexroth | F11: 3SED10 CK XX/350 CG125N9K4 | I11: Quadro valvola rotativa - lato V41 | J11: DO | M11: +125Vcc 30W | N11: JB06 | O11: X1 | P11: VOITH
A12: ED9/2 | B12: Elettrovalvola comando by-pass valvola rotativa V42 - destra (FUTURO) | C12: APERTURA BYPASS V42 (PREDISPOSIZIONE) | E12: Bosch Rexroth | F12: 3SED10 CK XX/350 CG125N9K4 | I12: Quadro valvola rotativa - lato V42 | J12: DO | M12: +125Vcc 30W | N12: JB06 | O12: X3 | P12: VOITH
A13: EDGI | B13: Elettrovalvola bistabile comando giunto | C13: INSERZIONE GIUNTO | E13: ARGO-HYTOS | F13: RPE3-062J15/11000E1S1 | I13: Centralina oleodinamica bassa pressione P4 | J13: DO | M13: +110Vcc 30W + 30W | N13: JB07 | O13: X1 | P13: VOITH
A14: EDGI.ROT | B14: Elettrovalvola mancanto innesto giunto - rotazione | C14: ECCITAZIONE EV DI MANCATO INNESTO GIUNTO | E14: Bosch Rexroth | F14: 3SED06 CK XX/350 CG125N9K4 | I14: Centralina oleodinamica bassa pressione P4 | J14: DO | M14: +125Vcc 30W | N14: JB07 | O14: X1 | P14: VOITH
A15: EDVSO.A4 | B15: Elettrovalvola messa a scarico pompe olio - centralina alta pressione turbina | C15: SOD A4 - ECCITAZIONE EV DI MESSA A SCARICO OLIO | E15: Bosch Rexroth | F15: 4WE06 Y 6X/EG110 N9K4 | I15: Centralina oleodinamica alta pressione A4 | J15: DO | M15: +110Vcc 30W | N15: JB00 | O15: X1 | P15: VOITH | Q15: D: corretta alimentazione
A16: EDVSO.P4 | B16: Elettrovalvola messa a scarico pompe olio - centralina bassa pressione pompa | C16: SOD P4 - ECCITAZIONE EV DI MESSA A SCARICO OLIO | E16: Bosch Rexroth | F16: 4WE06 Y 6X/EG110 N9K4 | I16: Centralina oleodinamica bassa pressione P4 | J16: DO | M16: +110Vcc 30W | N16: JB07 | O16: X1 | P16: VOITH | Q16: D: corretta alimentazione
A17: ER.A4 | B17: Scaldiglia riscaldamento olio serbatoio centralina centralina alta pressione turbina | C17: SOD A4 - AVVIAMENTO RISCALDAMENTO OLIO | E17: Resistor | F17: 1500W 400V/3/50 L=600 2.1/2"G | I17: Centralina oleodinamica alta pressione A4 | J17: DO | M17: 400Vca 1,5KW | P17: VOITH | R17: cablaggio fino a strumento da realizzare in impianto
A18: ER.P4 | B18: Scaldiglia riscaldamento olio serbatoio centralina centralina bassa pressione pompa | C18: SOD P4 - AVVIAMENTO RISCALDAMENTO OLIO | E18: Resistor | F18: 1500W 400V/3/50 L=600 2.1/2"G | I18: Centralina oleodinamica bassa pressione P4 | J18: DO | M18: 400Vca 1,5KW | P18: VOITH | R18: cablaggio fino a strumento da realizzare in impianto
A19: ST1 | B19: Captatore di velocità - rilievo velocità turbina | C19: VELOCITÀ 1 PER AUTOMAZIONE | E19: BRAUN | F19: A5S0DS0M1815B74 | G19: plug-in angled metal connector M18x1,5 | H19: plug-in angled metal connector M18x1,5 | I19: SSG | J19: DI | K19: IMPULSIVO | M19: +24Vcc | N19: DIRETTO | P19: VOITH | R19: cablaggio fino a strumento da realizzare in impianto
A20: ST2 | B20: Captatore di velocità - rilievo velocità turbina | C20: VELOCITÀ 2 PER AUTOMAZIONE | E20: BRAUN | F20: A5S0DS0M1815B74 | G20: plug-in angled metal connector M18x1,5 | H20: plug-in angled metal connector M18x1,5 | I20: SSG | J20: DI | K20: IMPULSIVO | M20: +24Vcc | N20: DIRETTO | P20: VOITH | R20: cablaggio fino a strumento da realizzare in impianto
A21: FSW.A4 | B21: Flussostato acqua raffreddamento - presenza circolazione acqua - centralina alta pressione turbina | C21: SOD A4 - PRESENZA CIRCOLAZ. ACQUA RAFF. | E21: IFM | F21: SBG234 | I21: Centralina oleodinamica alta pressione A4 | J21: DI | K21: PNP | M21: +24Vcc | N21: JB00 | O21: X1 | P21: VOITH
A22: FSW.P4 | B22: Flussostato acqua raffreddamento - presenza circolazione acqua - centralina bassa pressione pompa | C22: SOD P4 - PRESENZA CIRCOLAZ. ACQUA RAFF. | E22: IFM | F22: SBG234 | I22: Centralina oleodinamica bassa pressione P4 | J22: DI | K22: PNP | M22: +24Vcc | N22: JB07 | O22: X1 | P22: VOITH
A23: ST3 | B23: Captatore di velocità - rilievo velocità turbina | C23: VELOCITÀ 1 PER REGOLATORE DI VELOCITÀ | E23: BRAUN | F23: A5S0DS0M1815B74 | G23: plug-in angled metal connector M18x1,5 | H23: plug-in angled metal connector M18x1,5 | I23: SSG | J23: DI | K23: IMPULSIVO | M23: +24Vcc | N23: DIRETTO | P23: VOITH | R23: cablaggio fino a strumento da realizzare in impianto
A24: ST4 | B24: Captatore di velocità - rilievo velocità turbina | C24: VELOCITÀ 2 PER REGOLATORE DI VELOCITÀ | E24: BRAUN | F24: A5S0DS0M1815B74 | G24: plug-in angled metal connector M18x1,5 | H24: plug-in angled metal connector M18x1,5 | I24: SSG | J24: DI | K24: IMPULSIVO | M24: +24Vcc | N24: DIRETTO | P24: VOITH | R24: cablaggio fino a strumento da realizzare in impianto
A25: LS1.HH.A4 | B25: Livellostato livello olio serbatoio centralina - livello olio massimo - centralina alta pressione turbina | C25: SOD A4 - MAX LIVELLO OLIO CENTRALINA | E25: F.lli Giacomello | F25: RL/G1-F3-S2 L=100mm | I25: Centralina oleodinamica alta pressione A4 | J25: DI | K25: SPDT | L25: NO | M25: Contatto pulito | N25: JB00 | O25: X1 | P25: VOITH
A26: LS1.LL.A4 | B26: Livellostato livello olio serbatoio centralina - livello olio minimo - centralina alta pressione turbina | C26: SOD A4 - MIN LIVELLO OLIO CENTRALINA | E26: F.lli Giacomello | F26: RL/G1-F3-S2 L=400mm | I26: Centralina oleodinamica alta pressione A4 | J26: DI | K26: SPDT | L26: NO | M26: Contatto pulito | N26: JB00 | O26: X1 | P26: VOITH
A27: LS1_HH.P4 | B27: Livellostato livello olio serbatoio centralina - livello olio massimo - centralina bassa pressione pompa | C27: SOD P4 - MAX LIVELLO OLIO CENTRALINA | E27: F.lli Giacomello | F27: RL/G1-F3-S2 L=250mm | I27: Centralina oleodinamica bassa pressione P4 | J27: DI | K27: SPDT | L27: NO | M27: Contatto pulito | N27: JB07 | O27: X1 | P27: VOITH
A28: LS1_LL.P4 | B28: Livellostato livello olio serbatoio centralina - livello olio minimo - centralina bassa pressione pompa | C28: SOD P4 - MIN LIVELLO OLIO CENTRALINA | E28: F.lli Giacomello | F28: RL/G1-F3-S2 L=550mm | I28: Centralina oleodinamica bassa pressione P4 | J28: DI | K28: SPDT | L28: NO | M28: Contatto pulito | N28: JB00 | O28: X1 | P28: VOITH
A29: ZTS.V4 | B29: Trasduttore di posizione valvola rotativa aspirazione pompa | C29: POSIZIONE SERVOMOTORE DI ROTAZIONE V4 | E29: Camille bauer | F29: WT707 | G29: metalna kabelska uvodnica | H29: metalna kabelska uvodnica | I29: Valvola rotativa aspirazione pompa V4 | J29: AI | L29: 4-20mA 0÷100% | M29: +24Vcc | P29: VOITH | R29: cablaggio fino a strumento da realizzare in impianto
A30: ZTS.V40 | B30: Trasduttore di posizione valvola rotativa mandata pompa | C30: POSIZIONE SERVOMOTORE DI ROTAZIONE V40 | E30: Camille bauer | F30: WT707 | G30: metalna kabelska uvodnica | H30: metalna kabelska uvodnica | I30: Valvola rotativa mandata pompa V40 | J30: AI | L30: 4-20mA 0÷100% | M30: +24Vcc | P30: VOITH | R30: cablaggio fino a strumento da realizzare in impianto
A31: LQ.max | B31: Livellostato - Massimo livello Serbatoio di compenso sopraelevato | C31: MASSIMO LIVELLO OLIO SERBATOIO DI COMPENSAZIONE | E31: F.lli Giacomello | F31: RL/G1-F3-S2 L=240mm | I31: Serbatoio di compenso sopraelevato - valvola ritegno | J31: DI | K31: SPDT | L31: NO | M31: Contatto pulito | P31: VOITH | R31: cablaggio fino a strumento da realizzare in impianto
A32: LQ.min | B32: Livellostato - Minimo livello Serbatoio di compenso sopraelevato | C32: MINIMO LIVELLO OLIO SERBATOIO DI COMPENSAZIONE | E32: F.lli Giacomello | F32: RL/G1-F3-S2 L=280mm | I32: Serbatoio di compenso sopraelevato - valvola ritegno | J32: DI | K32: SPDT | L32: NO | M32: Contatto pulito | P32: VOITH | R32: cablaggio fino a strumento da realizzare in impianto
A33: LS3.A4 | B33: Livellostato livello olio cassone perdite centralina_SO2 - presenza perdite olio - centralina alta pressione turbina | C33: SOD A4 - PRESENZA PERDITE OLIO CENTRALINA | E33: F.lli Giacomello | F33: RL/G1-F3-S2 L=100mm | I33: Centralina oleodinamica alta pressione A4 | J33: DI | K33: SPDT | L33: NO | M33: Contatto pulito | P33: VOITH
A34: LS3.P4 | B34: Livellostato livello olio cassone perdite centralina_SO2 - presenza perdite olio - centralina bassa pressione pompa | C34: SOD P4 - PRESENZA PERDITE OLIO CENTRALINA | E34: F.lli Giacomello | F34: RL/G1-F3-S2 L=100mm | I34: Centralina oleodinamica bassa pressione P4 | J34: DI | K34: SPDT | L34: NO | M34: Contatto pulito | P34: VOITH
A35: LS6.P4 | B35: Livellostato - vasca di raccolta perdite giunto rotante innesto giunto a denti - presenza perdita olio | C35: PRESENZA PERDITE OLIO GIUNTO ROTANTE INNESTO GIUNTO A DENTI | E35: F.lli Giacomello | F35: IEG - INOX- FD 3061 HC 03 | G35: ugrađen kabel 30 cm | H35: ugrađen kabel 30 cm | I35: Vasca di raccolta perdite - Giunto rotante innesto giunto a denti | J35: DI | K35: SPDT | L35: NO | M35: Contatto pulito | P35: ESISTENTE | Q35: D | R35: cablaggio fino a strumento da realizzare in impianto
A36: PDS15 | B36: Pressostato differenziale - intasamento filtro acqua FW15 - acqua manovra rotative pompa | C36: INTASAMENTO FILTRO ACQUA ROTATIVE V4/V40 | E36: IFH | F36: Integrato nel filtro | I36: Valvola rotativa mandata pompa V40 | J36: DI | K36: SPDT | L36: NO | M36: Contatto pulito | P36: VOITH | R36: cablaggio fino a strumento da realizzare in impianto
A37: LS4/1 | B37: Livellostato - vasca di raccolta perdite introduttore supreriore turbina 1 / olio misto acqua - presenza perdita | C37: PRESENZA PERDITE OLIO SPINA SUPERIORE TURBINA 1 | E37: F.lli Giacomello | F37: RL/G1-F3-S2 L=200mm | I37: Vasca di raccolta perdite - Turbina 1 sinistra | J37: DI | K37: SPDT | L37: NO | M37: Contatto pulito | N37: JB04 | O37: X1 | P37: VOITH
A38: LS4/2 | B38: Livellostato - vasca di raccolta perdite introduttore inferiore turbina 1 / olio misto acqua - presenza perdita | C38: PRESENZA PERDITE OLIO SPINA INFERIORE TURBINA 1 | E38: F.lli Giacomello | F38: RL/G1-F3-S2 L=200mm | I38: Vasca di raccolta perdite - Turbina 1 sinistra | J38: DI | K38: SPDT | L38: NO | M38: Contatto pulito | N38: JB04 | O38: X1 | P38: VOITH
A39: LS5/1 | B39: Livellostato - vasca di raccolta perdite introduttore supreriore turbina 2 / olio misto acqua - presenza perdita | C39: PRESENZA PERDITE OLIO SPINA SUP TURB 2 | E39: F.lli Giacomello | F39: RL/G1-F3-S2 L=200mm | I39: Vasca di raccolta perdite - Turbina 2 destra | J39: DI | K39: SPDT | L39: NO | M39: Contatto pulito | N39: JB04 | O39: X1 | P39: VOITH
A40: LS5/2 | B40: Livellostato - vasca di raccolta perdite introduttore inferiore turbina 2 / olio misto acqua - presenza perdita | C40: PRESENZA PERDITE OLIO SPINA INF TURB 2 | E40: F.lli Giacomello | F40: RL/G1-F3-S2 L=200mm | I40: Vasca di raccolta perdite - Turbina 2 destra | J40: DI | K40: SPDT | L40: NO | M40: Contatto pulito | N40: JB04 | O40: X1 | P40: VOITH
A41: FS200 | B41: Flussostato olio lubrificazione supporto combinato pompa - presenza circolazione da pompa meccanica | C41: PRESENZA CIRCOLAZ. OLIO DA POMPA MECCANICA SUPP. COMB. P4 | E41: IFM | F41: SI5000 | G41: EVC811 | H41: E12341 (30 m) | I41: Lubrificazione supporto combinato pompa | J41: DI | K41: PNP | L41: NO | M41: +24Vcc | P41: VOITH | Q41: D: modificato tipo strumento | R41: cablaggio fino a strumento da realizzare in impianto
A42: LT1.A4 | B42: Trasduttore di livello olio serbatoio centralina - centralina alta pressione turbina | C42: SOD A4 - LIVELLO OLIO CENTRALINA | E42: IFM | F42: LR3000+E43227+E43229 | I42: Centralina oleodinamica alta pressione A4 | J42: AI | L42: 4-20mA 0÷100% | M42: +24Vcc | N42: JB00 | O42: X1 | P42: VOITH
A43: LT1.P4 | B43: Trasduttore di livello olio serbatoio centralina - centralina bassa pressione pompa | C43: SOD P4 - LIVELLO OLIO CENTRALINA | E43: IFM | F43: LR3000+E43337+E43336 | I43: Centralina oleodinamica bassa pressione P4 | J43: AI | L43: 4-20mA 0÷100% | M43: +24Vcc | N43: JB00 | O43: X1 | P43: VOITH
A44: FS201 | B44: Flussostato olio lubrificazione supporto combinato pompa - presenza circolazione da pompa elettrica | C44: PRESENZA CIRCOLAZ. OLIO DA POMPA ELETTRICA SUPP. COMB. P4 | E44: IFM | F44: SI5000 | G44: EVC811 | H44: E12341 (30 m) | I44: Lubrificazione supporto combinato pompa | J44: DI | K44: PNP | L44: NO | M44: +24Vcc | P44: VOITH | Q44: D: modificato tipo strumento | R44: cablaggio fino a strumento da realizzare in impianto
A45: ZS.20VR.8/10 | B45: Finecorsa valvola a fuso 20VR 8/10 | C45: VALVOLA DI RITEGNO CHIUSA < 8/10 | E45: IFM | F45: IFS240 | G45: EVC811 | H45: EVC767 (25 m) | I45: Valvola a fuso 20VR | J45: DI | K45: PNP | L45: NO | M45: +24Vcc | P45: VOITH | R45: cablaggio fino a strumento da realizzare in impianto
A46: ZS.20VR.AP | B46: Finecorsa valvola a fuso 20VR aperta | C46: VALVOLA DI RITEGNO APERTA | E46: IFM | F46: IFS240 | G46: EVC811 | H46: EVC767 (25 m) | I46: Valvola a fuso 20VR | J46: DI | K46: PNP | L46: NO | M46: +24Vcc | P46: VOITH | R46: cablaggio fino a strumento da realizzare in impianto
A47: ZS.20VR.CH | B47: Finecorsa valvola a fuso 20VR chiusa | C47: VALVOLA DI RITEGNO CHIUSA | E47: IFM | F47: IFS240 | G47: EVC811 | H47: EVC767 (25 m) | I47: Valvola a fuso 20VR | J47: DI | K47: PNP | L47: NO | M47: +24Vcc | P47: VOITH | R47: cablaggio fino a strumento da realizzare in impianto
A48: PDS1/1.A4 | B48: Pressostato differenziale - intasamento filtro olio centralina_FO1/1.A4 - centralina alta pressione turbina | C48: SOD A4 - INTASAMENTO FILTRO OLIO 1 MANDATA POMPE | E48: MP FILTRI | F48: DLE20HA50P01 (2bar) | I48: Centralina oleodinamica alta pressione A4 | J48: DI | K48: SPDT | L48: NO | M48: Contatto pulito | N48: JB00 | O48: X1 | P48: VOITH
A49: PDS1/1.P4 | B49: Pressostato differenziale - intasamento filtro olio centralina_FO1/1.P4 - centralina bassa pressione pompa | C49: SOD P4 - INTASAMENTO FILTRO OLIO 1 MANDATA POMPE | E49: MP FILTRI | F49: DLE20HA50P01 (2bar) | I49: Centralina oleodinamica bassa pressione P4 | J49: DI | K49: SPDT | L49: NO | M49: Contatto pulito | N49: JB07 | O49: X1 | P49: VOITH | Q49: D: corretta descrizione
A50: PDS1/2.A4 | B50: Pressostato differenziale - intasamento filtro olio centralina_FO1/2.A4 - centralina alta pressione turbina | C50: SOD P4 - INTASAMENTO FILTRO OLIO 2 MANDATA POMPE | E50: MP FILTRI | F50: DLE20HA50P01 (2bar) | I50: Centralina oleodinamica alta pressione A4 | J50: DI | K50: SPDT | L50: NO | M50: Contatto pulito | N50: JB00 | O50: X1 | P50: VOITH
A51: PDS1/2.P4 | B51: Pressostato differenziale - intasamento filtro olio centralina_FO1/2.P4 - centralina bassa pressione pompa | C51: SOD P4 - INTASAMENTO FILTRO OLIO 2 MANDATA POMPE | E51: MP FILTRI | F51: DLE20HA50P01 (2bar) | I51: Centralina oleodinamica bassa pressione P4 | J51: DI | K51: SPDT | L51: NO | M51: Contatto pulito | N51: JB07 | O51: X1 | P51: VOITH | Q51: D: corretta descrizione
A52: PDS14/1 | B52: Pressostato differenziale - intasamento filtro acqua FW14/1 - valvola rotativa V41 sinistra | C52: INTASAMENTO FILTRO ACQUA ROTATIVA V41 | E52: Eaton | F52: AE62.2,5.P.VA | I52: Quadro valvola rotativa - lato V41 | J52: DI | K52: SPDT | L52: NO | M52: Contatto pulito | N52: JB06 | O52: X2 | P52: VOITH
A53: PDS14/2 | B53: Pressostato differenziale - intasamento filtro acqua FW14/2 - valvola rotativa V42 destra | C53: INTASAMENTO FILTRO ACQUA ROTATIVA V42 | E53: Eaton | F53: AE62.2,5.P.VA | I53: Quadro valvola rotativa - lato V42 | J53: DI | K53: SPDT | L53: NO | M53: Contatto pulito | N53: JB06 | O53: X4 | P53: VOITH
A54: ZS.TV41.ACC | B54: Finecorsa anello di tenuta valvola rotativa V41 - sinistra: accostato | C54: ROTATIVA V41 - ANELLO ACCOSTATO | E54: IFM | F54: IFS240 | G54: EVC811 | H54: EVC767 (25 m) | I54: Valvola rotativa V41 | J54: DI | K54: PNP | L54: NO | M54: +24Vcc | N54: JB06 | O54: X2 | P54: VOITH | R54: cablaggio fino a strumento da realizzare in impianto
A55: ZS.TV41.SCOS | B55: Finecorsa anello di tenuta valvola rotativa V41 - sinistra: scostato | C55: ROTATIVA V41 - ANELLO SCOSTATO | E55: IFM | F55: IFS240 | G55: EVC811 | H55: EVC767 (25 m) | I55: Valvola rotativa V41 | J55: DI | K55: PNP | L55: NO | M55: +24Vcc | N55: JB06 | O55: X2 | P55: VOITH | R55: cablaggio fino a strumento da realizzare in impianto
A56: PDS3.A4 | B56: Pressostato differenziale - intasamento filtro olio FO3.A4 - centralina alta pressione turbina | C56: SOD A4 - INTASAMENTO FILTRO OLIO IN SCARICO | E56: MP FILTRI | F56: BEA15HA50 (1,5bar) | I56: Centralina oleodinamica alta pressione A4 | J56: DI | K56: SPDT | L56: NO | M56: Contatto pulito | N56: JB00 | O56: X1 | P56: VOITH
A57: PDS3.P4 | B57: Pressostato differenziale - intasamento filtro olio FO3.P4 - centralina bassa pressione pompa | C57: SOD P4 - INTASAMENTO FILTRO OLIO IN SCARICO | E57: MP FILTRI | F57: BEA15HA50 (1,5bar) | I57: Centralina oleodinamica bassa pressione P4 | J57: DI | K57: SPDT | L57: NO | M57: Contatto pulito | N57: JB07 | O57: X1 | P57: VOITH | Q57: D: corretta descrizione
A58: S20VR | B58: Elettrovalvola comando valvola a fuso | C58: APERTURA VALVOLA DI RITEGNO | E58: Bosch Rexroth | F58: 3SED06 CK XX/350 CG125N9K4 | I58: Centralina oleodinamica bassa pressione P4 | J58: DO | M58: +125Vcc 30W | N58: JB07 | O58: X1 | P58: VOITH
A59: ZS.TV42.ACC | B59: Finecorsa anello di tenuta valvola rotativa V42 - destra: accostato | C59: ROTATIVA V42 - ANELLO ACCOSTATO | E59: IFM | F59: IFS240 | G59: EVC811 | H59: EVC767 (25 m) | I59: Valvola rotativa V42 | J59: DI | K59: PNP | L59: NO | M59: +24Vcc | N59: JB06 | O59: X4 | P59: VOITH | R59: cablaggio fino a strumento da realizzare in impianto
A60: ZS.TV42.SCOS | B60: Finecorsa anello di tenuta valvola rotativa V42 - destra: scostato | C60: ROTATIVA V42 - ANELLO SCOSTATO | E60: IFM | F60: IFS240 | G60: EVC811 | H60: EVC767 (25 m) | I60: Valvola rotativa V42 | J60: DI | K60: PNP | L60: NO | M60: +24Vcc | N60: JB06 | O60: X4 | P60: VOITH | R60: cablaggio fino a strumento da realizzare in impianto
A61: ZS.V4.ACC | B61: Finecorsa valvola rotativa aspirazione pompa V4: Accostata | C61: ROTATIVA V4 - ACCOSTATA | E61: IFM | F61: IFS240 | G61: EVC811 | H61: EVC767 (25 m) | I61: Valvola rotativa aspirazione pompa V4 | J61: DI | K61: PNP | L61: NO | M61: +24Vcc | P61: VOITH | R61: cablaggio fino a strumento da realizzare in impianto
A62: ZS.V4.AP | B62: Finecorsa valvola rotativa aspirazione pompa V4: Aperta | C62: ROTATIVA V4 - APERTA | E62: IFM | F62: IFS240 | G62: EVC811 | H62: EVC767 (25 m) | I62: Valvola rotativa aspirazione pompa V4 | J62: DI | K62: PNP | L62: NO | M62: +24Vcc | P62: VOITH | R62: cablaggio fino a strumento da realizzare in impianto
A63: SV4 | B63: Elettrovalvola comando valvola rotativa aspirazione pompa V4 | C63: APERTURA ROTATIVA V4 | E63: Bosch Rexroth | F63: 3SED06 CK XX/350 CG125N9K4 | I63: Centralina oleodinamica bassa pressione P4 | J63: DO | M63: +125Vcc 30W | N63: JB07 | O63: X1 | P63: VOITH
A64: SV40 | B64: Elettrovalvola comando valvola rotativa mandata pompa V40 | C64: APERTURA ROTATIVA V40 | E64: Bosch Rexroth | F64: 3SED06 CK XX/350 CG125N9K4 | I64: Centralina oleodinamica bassa pressione P4 | J64: DO | M64: +125Vcc 30W | N64: JB07 | O64: X1 | P64: VOITH
A65: TE1.A4 | B65: Trasduttore di temperatura - misura temperatura olio serbatoio - centralina alta pressione turbina | C65: SOD A4 - TEMPERATURA OLIO CENTRALINA | E65: Trafag | F65: 2x PT100 1/2"G (100 Ω) | I65: Centralina oleodinamica alta pressione A4 | J65: AI | L65: PT100 3 fili + 3 fili | N65: JB00 | O65: X1 | P65: VOITH
A66: TE1.P4 | B66: Trasduttore di temperatura - misura temperatura olio serbatoio - centralina bassa pressione pompa | C66: SOD P4 - TEMPERATURA OLIO CENTRALINA | E66: Trafag | F66: 2x PT100 1/2"G (100 Ω) | I66: Centralina oleodinamica bassa pressione P4 | J66: AI | L66: PT100 3 fili + 3 fili | N66: JB07 | O66: X1 | P66: VOITH
A67: ZS.V4.CH | B67: Finecorsa valvola rotativa aspirazione pompa V4: Chiusa | C67: ROTATIVA V4 - CHIUSA | E67: IFM | F67: IFS240 | G67: EVC811 | H67: EVC767 (25 m) | I67: Valvola rotativa aspirazione pompa V4 | J67: DI | K67: PNP | L67: NO | M67: +24Vcc | P67: VOITH | R67: cablaggio fino a strumento da realizzare in impianto
A68: ZS.V4.SCOS | B68: Finecorsa valvola rotativa aspirazione pompa V4: Scostata | C68: ROTATIVA V4 - SCOSTATA | E68: IFM | F68: IFS240 | G68: EVC811 | H68: EVC767 (25 m) | I68: Valvola rotativa aspirazione pompa V4 | J68: DI | K68: PNP | L68: NO | M68: +24Vcc | P68: VOITH | R68: cablaggio fino a strumento da realizzare in impianto
A69: ZS.V40.ACC | B69: Finecorsa valvola rotativa mandata pompa V40: Accostata | C69: ROTATIVA V40 - ACCOSTATA | E69: IFM | F69: IFS240 | G69: EVC811 | H69: EVC767 (25 m) | I69: Valvola rotativa mandata pompa V40 | J69: DI | K69: PNP | L69: NO | M69: +24Vcc | P69: VOITH | R69: cablaggio fino a strumento da realizzare in impianto
A70: TE2.A4 | B70: Trasduttore di temperatura azoto accumulatore alta pressione | C70: TEMPERATURA BOMBOLE AZOTO ACCUMULATORE GRUPPO | I70: Accumulatore a pistone alta pressione A4 | J70: AI | L70: PT100 3 fili + 3 fili | N70: JB01 | O70: X1 | P70: VOITH
A71: TE2.P4 | B71: Trasduttore di temperatura azoto accumulatore bassa pressione | C71: TEMPERATURA BOMBOLE AZOTO ACCUMULATORE POMPA | I71: Accumulatore a pistone bassa pressione P4 | J71: AI | L71: PT100 3 fili + 3 fili | N71: JB08 | O71: X1 | P71: VOITH
A72: ZS.V40.AP | B72: Finecorsa valvola rotativa mandata pompa V40: Aperta | C72: ROTATIVA V40 - APERTA | E72: IFM | F72: IFS240 | G72: EVC811 | H72: EVC767 (25 m) | I72: Valvola rotativa mandata pompa V40 | J72: DI | K72: PNP | L72: NO | M72: +24Vcc | P72: VOITH | R72: cablaggio fino a strumento da realizzare in impianto
A73: ZS.V40.CH | B73: Finecorsa valvola rotativa mandata pompa V40: Chiusa | C73: ROTATIVA V40 - CHIUSA | E73: IFM | F73: IFS240 | G73: EVC811 | H73: EVC767 (25 m) | I73: Valvola rotativa mandata pompa V40 | J73: DI | K73: PNP | L73: NO | M73: +24Vcc | P73: VOITH | R73: cablaggio fino a strumento da realizzare in impianto
A74: ZS.V40.SCOS | B74: Finecorsa valvola rotativa mandata pompa V40: Scostata | C74: 'ROTATIVA V40 - SCOSTATA | E74: IFM | F74: IFS240 | G74: EVC811 | H74: EVC767 (25 m) | I74: Valvola rotativa mandata pompa V40 | J74: DI | K74: PNP | L74: NO | M74: +24Vcc | P74: VOITH | R74: cablaggio fino a strumento da realizzare in impianto
A75: ZS.V41.AP | B75: Finecorsa valvola rotativa V41 - sinistra: aperta | C75: ROTATIVA V41 - APERTA | E75: IFM | F75: IFS240 | G75: EVC811 | H75: EVC767 (25 m) | I75: Valvola rotativa V41 | J75: DI | K75: PNP | L75: NO | M75: +24Vcc | N75: JB06 | O75: X2 | P75: VOITH | R75: cablaggio fino a strumento da realizzare in impianto
A76: ZS.V41.CH | B76: Finecorsa valvola rotativa V41 - sinistra: chiusa | C76: ROTATIVA V41 - CHIUSA | E76: IFM | F76: IFS240 | G76: EVC811 | H76: EVC767 (25 m) | I76: Valvola rotativa V41 | J76: DI | K76: PNP | L76: NO | M76: +24Vcc | N76: JB06 | O76: X2 | P76: VOITH | R76: cablaggio fino a strumento da realizzare in impianto
A77: ZS.V42.AP | B77: Finecorsa valvola rotativa V42 - destra: aperta | C77: ROTATIVA V42 - APERTA | E77: IFM | F77: IFS240 | G77: EVC811 | H77: EVC767 (25 m) | I77: Valvola rotativa V42 | J77: DI | K77: PNP | L77: NO | M77: +24Vcc | N77: JB06 | O77: X4 | P77: VOITH | R77: cablaggio fino a strumento da realizzare in impianto
A78: ZS.V42.CH | B78: Finecorsa valvola rotativa V42 - destra: chiusa | C78: ROTATIVA V42 - CHIUSA | E78: IFM | F78: IFS240 | G78: EVC811 | H78: EVC767 (25 m) | I78: Valvola rotativa V42 | J78: DI | K78: PNP | L78: NO | M78: +24Vcc | N78: JB06 | O78: X4 | P78: VOITH | R78: cablaggio fino a strumento da realizzare in impianto
A79: ZS.vQV4 | B79: Finecorsa valvola manuale vQV4: abilitazione pilotaggio olio rotativa aspirazione pompa V4 | C79: COMANDO ROTATIVA V4 ABILITATO | E79: IFM | F79: IFS240 | G79: EVC811 | H79: EVC767 (25 m) | I79: Valvola rotativa aspirazione pompa V4 | J79: DI | K79: PNP | L79: NO | M79: +24Vcc | P79: VOITH | R79: cablaggio fino a strumento da realizzare in impianto
A80: ZS.vQV40 | B80: Finecorsa valvola manuale vQV40: abilitazione pilotaggio olio rotativa mandata pompa V40 | C80: COMANDO ROTATIVA V40 ABILITATO | E80: IFM | F80: IFS240 | G80: EVC811 | H80: EVC767 (25 m) | I80: Valvola rotativa mandata pompa V40 | J80: DI | K80: PNP | L80: NO | M80: +24Vcc | P80: VOITH | R80: cablaggio fino a strumento da realizzare in impianto
A81: ZS.VSCA.T1.ap | B81: Finecorsa valvola sfiato turbina 1 - sinistra: aperta | C81: VALVOLA DI SFIATO TURBINA 1 APERTA | E81: IFM | F81: IFS240 | G81: EVC811 | H81: EVC767 (25 m) | I81: Tubazione mandata pompa | J81: DI | K81: PNP | L81: NO | M81: +24Vcc | P81: VOITH | R81: cablaggio fino a strumento da realizzare in impianto
A82: ZS.VSCA.T1.ch | B82: Finecorsa valvola sfiato turbina 1 - sinistra: chiusa | C82: VALVOLA DI SFIATO TURBINA 1 CHIUSA | E82: IFM | F82: IFS240 | G82: EVC811 | H82: EVC767 (25 m) | I82: Tubazione mandata pompa | J82: DI | K82: PNP | L82: NO | M82: +24Vcc | P82: VOITH | R82: cablaggio fino a strumento da realizzare in impianto
A83: ZS.VSCA.T2.ap | B83: Finecorsa valvola sfiato turbina 2 - destra: aperta | C83: VALVOLA DI SFIATO TURBINA 2 APERTA | E83: IFM | F83: IFS240 | G83: EVC811 | H83: EVC767 (25 m) | I83: Tubazione mandata pompa | J83: DI | K83: PNP | L83: NO | M83: +24Vcc | P83: VOITH | R83: cablaggio fino a strumento da realizzare in impianto
A84: ZS.VSCA.T2.ch | B84: Finecorsa valvola sfiato turbina 2 - destra: chiusa | C84: VALVOLA DI SFIATO TURBINA 2 CHIUSA | E84: IFM | F84: IFS240 | G84: EVC811 | H84: EVC767 (25 m) | I84: Tubazione mandata pompa | J84: DI | K84: PNP | L84: NO | M84: +24Vcc | P84: VOITH | R84: cablaggio fino a strumento da realizzare in impianto
A85: ZS.VSCA1.ap | B85: Finecorsa valvola sfiato aria mandata pompa aperta | C85: VALVOLA DI SFIATO MANDATA POMPA APERTA | E85: IFM | F85: IFS240 | G85: EVC811 | H85: EVC767 (25 m) | I85: Tubazione mandata pompa | J85: DI | K85: PNP | L85: NO | M85: +24Vcc | P85: VOITH | R85: cablaggio fino a strumento da realizzare in impianto
A86: ZS.VSCA1.ch | B86: Finecorsa valvola sfiato aria mandata pompa chiusa | C86: VALVOLA DI SFIATO MANDATA POMPA CHIUSA | E86: IFM | F86: IFS240 | G86: EVC811 | H86: EVC767 (25 m) | I86: Tubazione mandata pompa | J86: DI | K86: PNP | L86: NO | M86: +24Vcc | P86: VOITH | R86: cablaggio fino a strumento da realizzare in impianto
A87: ZS_CG.1.ap | B87: Finecorsa controgetto 1_SCG.1 - turbina 1 sinistra / aperto | C87: CONTROGETTO 1 APERTO | E87: IFM | F87: IFS240 | G87: EVC811 | H87: EVC767 (25 m) | I87: Manifold oleodinamico turbina 1 - sinistra | J87: DI | K87: SPDT | L87: NO | M87: Contatto pulito | N87: JB02 | O87: X1 | P87: VOITH | R87: cablaggio fino a strumento da realizzare in impianto
A88: ZS_CG.1.ch | B88: Finecorsa controgetto 1_SCG.1 - turbina 1 sinistra / chiuso | C88: CONTROGETTO 1 CHIUSO | E88: IFM | F88: IFS240 | G88: EVC811 | H88: EVC767 (25 m) | I88: Manifold oleodinamico turbina 1 - sinistra | J88: DI | K88: SPDT | L88: NO | M88: Contatto pulito | N88: JB02 | O88: X1 | P88: VOITH | R88: cablaggio fino a strumento da realizzare in impianto
A89: TS1.A4 | B89: Termostato temperatura olio serbatoio centralina alta pressione turbina - temperatura massima | C89: SOD A4 - MASSIMA TEMPERATURA OLIO CENTRALINA | E89: Industrietechnik | F89: TV090U 0-90°C SPDT | I89: Centralina oleodinamica alta pressione A4 | J89: DI | K89: SPDT | L89: NO | M89: Contatto pulito | N89: JB00 | O89: X1 | P89: VOITH
A90: TS1.P4 | B90: Termostato temperatura olio serbatoio centralina bassa pressione pompa - temperatura massima | C90: SOD P4 - MASSIMA TEMPERATURA OLIO CENTRALINA | E90: Industrietechnik | F90: TV090U 0-90°C SPDT | I90: Centralina oleodinamica bassa pressione P4 | J90: DI | K90: SPDT | L90: NO | M90: Contatto pulito | N90: JB07 | O90: X1 | P90: VOITH
A91: VMW.IRR | B91: Valvola motorizzata inserzione irrorazione giranti | E91: Mival | F91: AOX005 | I91: Circuito irrorazione giranti | J91: DO | M91: 400Vca 50HZ 20W | N91: JB00 | O91: X1 | P91: VOITH | Q91: D: corretta alimentazione | R91: cablaggio fino a strumento da realizzare in impianto
A92: VMW7.A4 | B92: Valvola motorizzata inserzione raffreddamento - centralina alta pressione turbina | C92: SOD A4 - INSERZIONE RAFFREDDAMENTO | E92: cnt caspani | F92: G.20/105.B 1/2" + SM.300.ER20 | I92: Centralina oleodinamica alta pressione A4 | J92: DO | M92: 110Vcc 20W | N92: JB00 | O92: X1 | P92: VOITH | Q92: D: corretta alimentazione
A93: VMW7.P4 | B93: Valvola motorizzata inserzione raffreddamento - centralina bassa pressione pompa | C93: SOD P4 - INSERZIONE RAFFREDDAMENTO | E93: cnt caspani | F93: G.20/105.B 3/4" + SM.300.ER20 | I93: Centralina oleodinamica bassa pressione P4 | J93: DO | M93: 110Vcc 20W | N93: JB07 | O93: X1 | P93: VOITH | Q93: D: corretta alimentazione
A94: VP_SSP_INF.1 | B94: Valvola proporzionale - comando introduttore spina inferiore turbina 1_SSP_INF.1 | D94: Solo per regolatore di velocità | E94: Bosch Rexroth | F94: 4WREE 06 E16-3X/V/24F1 | I94: Manifold oleodinamico turbina 1 - sinistra | J94: AO | L94: 4-20mA | M94: +24Vcc | N94: JB02 | O94: X1 | P94: VOITH
A95: VP_SSP_INF.2 | B95: Valvola proporzionale - comando introduttore spina inferiore turbina 2_SSP_INF.2 | D95: Solo per regolatore di velocità | E95: Bosch Rexroth | F95: 4WREE 06 E16-3X/V/24F1 | I95: Manifold oleodinamico turbina 2 - destra | J95: AO | L95: 4-20mA | M95: +24Vcc | N95: JB03 | O95: X1 | P95: VOITH
A96: VP_SSP_SUP.1 | B96: Valvola proporzionale - comando introduttore spina superiore turbina 1_SSP_SUP.1 | D96: Solo per regolatore di velocità | E96: Bosch Rexroth | F96: 4WREE 06 E16-3X/V/24F1 | I96: Manifold oleodinamico turbina 1 - sinistra | J96: AO | L96: 4-20mA | M96: +24Vcc | N96: JB02 | O96: X1 | P96: VOITH
A97: VP_SSP_SUP.2 | B97: Valvola proporzionale - comando introduttore spina superiore turbina 2_SSP_SUP.2 | D97: Solo per regolatore di velocità | E97: Bosch Rexroth | F97: 4WREE 06 E16-3X/V/24F1 | I97: Manifold oleodinamico turbina 2 - destra | J97: AO | L97: 4-20mA | M97: +24Vcc | N97: JB03 | O97: X1 | P97: VOITH
A98: VP_STE_INF.1 | B98: Valvola proporzionale - comando servomotore tegolo inferiore turbina 1_STE_INF.1 | D98: Solo per regolatore di velocità | E98: Bosch Rexroth | F98: 4WREE 10 E 25 3X/M/24F1 | I98: Manifold oleodinamico turbina 1 - sinistra | J98: AO | L98: 4-20mA | M98: +24Vcc | N98: JB02 | O98: X1 | P98: VOITH
A99: VP_STE_INF.2 | B99: Valvola proporzionale - comando servomotore tegolo inferiore turbina 2_STE_INF.2 | D99: Solo per regolatore di velocità | E99: Bosch Rexroth | F99: 4WREE 10 E 25 3X/M/24F1 | I99: Manifold oleodinamico turbina 2 - destra | J99: AO | L99: 4-20mA | M99: +24Vcc | N99: JB03 | O99: X1 | P99: VOITH
A100: VP_STE_SUP.1 | B100: Valvola proporzionale - comando servomotore tegolo superiore turbina 1_STE_SUP.1 | D100: Solo per regolatore di velocità | E100: Bosch Rexroth | F100: 4WREE 10 E 25 3X/M/24F1 | I100: Manifold oleodinamico turbina 1 - sinistra | J100: AO | L100: 4-20mA | M100: +24Vcc | N100: JB02 | O100: X1 | P100: VOITH
...
